,symbol,class,date,current_price,1_bar_later,2_bar_later,3_bar_later
0,SPY,Buy,2022-01-03 19:45:00+00:00,"symbol  timestamp                
SPY     2022-01-03 19:45:00+00:00    459.59
Name: close, dtype: float64",459.72,459.75,459.3
1,SPY,Buy,2022-01-03 21:45:00+00:00,"symbol  timestamp                
SPY     2022-01-03 21:45:00+00:00    459.87
Name: close, dtype: float64",461.49,461.95,461.93
2,SPY,Buy,2022-01-04 15:00:00+00:00,"symbol  timestamp                
SPY     2022-01-04 15:00:00+00:00    461.44
Name: close, dtype: float64",461.74,460.72,459.92
3,SPY,Buy,2022-01-04 15:30:00+00:00,"symbol  timestamp                
SPY     2022-01-04 15:30:00+00:00    460.72
Name: close, dtype: float64",459.92,459.43,459.31
4,SPY,Buy,2022-01-04 15:45:00+00:00,"symbol  timestamp                
SPY     2022-01-04 15:45:00+00:00    459.92
Name: close, dtype: float64",459.43,459.31,459.9
5,SPY,Sell,2022-01-04 18:00:00+00:00,"symbol  timestamp                
SPY     2022-01-04 18:00:00+00:00    459.29
Name: close, dtype: float64",459.17,458.75,458.12
6,SPY,Buy,2022-01-04 21:00:00+00:00,"symbol  timestamp                
SPY     2022-01-04 21:00:00+00:00    459.77
Name: close, dtype: float64",459.77,459.82,459.73
7,SPY,Buy,2022-01-04 21:00:00+00:00,"symbol  timestamp                
SPY     2022-01-04 21:00:00+00:00    459.77
Name: close, dtype: float64",459.77,459.82,459.73
8,SPY,Buy,2022-01-04 21:00:00+00:00,"symbol  timestamp                
SPY     2022-01-04 21:00:00+00:00    459.77
Name: close, dtype: float64",459.77,459.82,459.73
9,SPY,Buy,2022-01-04 21:00:00+00:00,"symbol  timestamp                
SPY     2022-01-04 21:00:00+00:00    459.77
Name: close, dtype: float64",459.77,459.82,459.73
10,SPY,Buy,2022-01-04 21:00:00+00:00,"symbol  timestamp                
SPY     2022-01-04 21:00:00+00:00    459.77
Name: close, dtype: float64",459.77,459.82,459.73
11,SPY,Buy,2022-01-04 21:00:00+00:00,"symbol  timestamp                
SPY     2022-01-04 21:00:00+00:00    459.77
Name: close, dtype: float64",459.77,459.82,459.73
12,SPY,Buy,2022-01-04 21:00:00+00:00,"symbol  timestamp                
SPY     2022-01-04 21:00:00+00:00    459.77
Name: close, dtype: float64",459.77,459.82,459.73
13,SPY,Buy,2022-01-04 21:00:00+00:00,"symbol  timestamp                
SPY     2022-01-04 21:00:00+00:00    459.77
Name: close, dtype: float64",459.77,459.82,459.73
14,SPY,Buy,2022-01-04 21:00:00+00:00,"symbol  timestamp                
SPY     2022-01-04 21:00:00+00:00    459.77
Name: close, dtype: float64",459.77,459.82,459.73
15,SPY,Buy,2022-01-04 21:00:00+00:00,"symbol  timestamp                
SPY     2022-01-04 21:00:00+00:00    459.77
Name: close, dtype: float64",459.77,459.82,459.73
16,SPY,Buy,2022-01-04 21:00:00+00:00,"symbol  timestamp                
SPY     2022-01-04 21:00:00+00:00    459.77
Name: close, dtype: float64",459.77,459.82,459.73
17,SPY,Buy,2022-01-04 21:00:00+00:00,"symbol  timestamp                
SPY     2022-01-04 21:00:00+00:00    459.77
Name: close, dtype: float64",459.77,459.82,459.73
18,SPY,Buy,2022-01-04 21:00:00+00:00,"symbol  timestamp                
SPY     2022-01-04 21:00:00+00:00    459.77
Name: close, dtype: float64",459.77,459.82,459.73
19,SPY,Buy,2022-01-04 21:00:00+00:00,"symbol  timestamp                
SPY     2022-01-04 21:00:00+00:00    459.77
Name: close, dtype: float64",459.77,459.82,459.73
20,SPY,Buy,2022-01-04 21:00:00+00:00,"symbol  timestamp                
SPY     2022-01-04 21:00:00+00:00    459.77
Name: close, dtype: float64",459.77,459.82,459.73
21,SPY,Buy,2022-01-04 21:00:00+00:00,"symbol  timestamp                
SPY     2022-01-04 21:00:00+00:00    459.77
Name: close, dtype: float64",459.77,459.82,459.73
22,SPY,Buy,2022-01-04 21:00:00+00:00,"symbol  timestamp                
SPY     2022-01-04 21:00:00+00:00    459.77
Name: close, dtype: float64",459.77,459.82,459.73
23,SPY,Buy,2022-01-04 21:00:00+00:00,"symbol  timestamp                
SPY     2022-01-04 21:00:00+00:00    459.77
Name: close, dtype: float64",459.77,459.82,459.73
24,SPY,Buy,2022-01-04 21:00:00+00:00,"symbol  timestamp                
SPY     2022-01-04 21:00:00+00:00    459.77
Name: close, dtype: float64",459.77,459.82,459.73
25,SPY,Buy,2022-01-04 21:00:00+00:00,"symbol  timestamp                
SPY     2022-01-04 21:00:00+00:00    459.77
Name: close, dtype: float64",459.77,459.82,459.73
26,SPY,Buy,2022-01-04 21:00:00+00:00,"symbol  timestamp                
SPY     2022-01-04 21:00:00+00:00    459.77
Name: close, dtype: float64",459.77,459.82,459.73
27,SPY,Buy,2022-01-04 21:00:00+00:00,"symbol  timestamp                
SPY     2022-01-04 21:00:00+00:00    459.77
Name: close, dtype: float64",459.77,459.82,459.73
28,SPY,Buy,2022-01-04 21:00:00+00:00,"symbol  timestamp                
SPY     2022-01-04 21:00:00+00:00    459.77
Name: close, dtype: float64",459.77,459.82,459.73
29,SPY,Buy,2022-01-04 21:00:00+00:00,"symbol  timestamp                
SPY     2022-01-04 21:00:00+00:00    459.77
Name: close, dtype: float64",459.77,459.82,459.73
30,SPY,Buy,2022-01-04 21:00:00+00:00,"symbol  timestamp                
SPY     2022-01-04 21:00:00+00:00    459.77
Name: close, dtype: float64",459.77,459.82,459.73
31,SPY,Buy,2022-01-04 21:00:00+00:00,"symbol  timestamp                
SPY     2022-01-04 21:00:00+00:00    459.77
Name: close, dtype: float64",459.77,459.82,459.73
32,SPY,Buy,2022-01-04 21:00:00+00:00,"symbol  timestamp                
SPY     2022-01-04 21:00:00+00:00    459.77
Name: close, dtype: float64",459.77,459.82,459.73
33,SPY,Buy,2022-01-04 21:00:00+00:00,"symbol  timestamp                
SPY     2022-01-04 21:00:00+00:00    459.77
Name: close, dtype: float64",459.77,459.82,459.73
34,SPY,Buy,2022-01-04 21:00:00+00:00,"symbol  timestamp                
SPY     2022-01-04 21:00:00+00:00    459.77
Name: close, dtype: float64",459.77,459.82,459.73
35,SPY,Buy,2022-01-04 21:00:00+00:00,"symbol  timestamp                
SPY     2022-01-04 21:00:00+00:00    459.77
Name: close, dtype: float64",459.77,459.82,459.73
36,SPY,Buy,2022-01-04 21:00:00+00:00,"symbol  timestamp                
SPY     2022-01-04 21:00:00+00:00    459.77
Name: close, dtype: float64",459.77,459.82,459.73
37,SPY,Buy,2022-01-04 21:00:00+00:00,"symbol  timestamp                
SPY     2022-01-04 21:00:00+00:00    459.77
Name: close, dtype: float64",459.77,459.82,459.73
38,SPY,Buy,2022-01-04 21:00:00+00:00,"symbol  timestamp                
SPY     2022-01-04 21:00:00+00:00    459.77
Name: close, dtype: float64",459.77,459.82,459.73
39,SPY,Buy,2022-01-04 21:00:00+00:00,"symbol  timestamp                
SPY     2022-01-04 21:00:00+00:00    459.77
Name: close, dtype: float64",459.77,459.82,459.73
40,SPY,Buy,2022-01-04 21:00:00+00:00,"symbol  timestamp                
SPY     2022-01-04 21:00:00+00:00    459.77
Name: close, dtype: float64",459.77,459.82,459.73
41,SPY,Buy,2022-01-04 21:00:00+00:00,"symbol  timestamp                
SPY     2022-01-04 21:00:00+00:00    459.77
Name: close, dtype: float64",459.77,459.82,459.73
42,SPY,Buy,2022-01-04 21:00:00+00:00,"symbol  timestamp                
SPY     2022-01-04 21:00:00+00:00    459.77
Name: close, dtype: float64",459.77,459.82,459.73
43,SPY,Buy,2022-01-04 21:00:00+00:00,"symbol  timestamp                
SPY     2022-01-04 21:00:00+00:00    459.77
Name: close, dtype: float64",459.77,459.82,459.73
44,SPY,Buy,2022-01-04 21:00:00+00:00,"symbol  timestamp                
SPY     2022-01-04 21:00:00+00:00    459.77
Name: close, dtype: float64",459.77,459.82,459.73
45,SPY,Buy,2022-01-04 21:00:00+00:00,"symbol  timestamp                
SPY     2022-01-04 21:00:00+00:00    459.77
Name: close, dtype: float64",459.77,459.82,459.73
46,SPY,Buy,2022-01-04 21:00:00+00:00,"symbol  timestamp                
SPY     2022-01-04 21:00:00+00:00    459.77
Name: close, dtype: float64",459.77,459.82,459.73
47,SPY,Buy,2022-01-04 21:00:00+00:00,"symbol  timestamp                
SPY     2022-01-04 21:00:00+00:00    459.77
Name: close, dtype: float64",459.77,459.82,459.73
48,SPY,Buy,2022-01-04 21:00:00+00:00,"symbol  timestamp                
SPY     2022-01-04 21:00:00+00:00    459.77
Name: close, dtype: float64",459.77,459.82,459.73
49,SPY,Buy,2022-01-04 21:00:00+00:00,"symbol  timestamp                
SPY     2022-01-04 21:00:00+00:00    459.77
Name: close, dtype: float64",459.77,459.82,459.73
50,SPY,Buy,2022-01-04 21:00:00+00:00,"symbol  timestamp                
SPY     2022-01-04 21:00:00+00:00    459.77
Name: close, dtype: float64",459.77,459.82,459.73
51,SPY,Buy,2022-01-04 21:00:00+00:00,"symbol  timestamp                
SPY     2022-01-04 21:00:00+00:00    459.77
Name: close, dtype: float64",459.77,459.82,459.73
52,SPY,Buy,2022-01-04 21:00:00+00:00,"symbol  timestamp                
SPY     2022-01-04 21:00:00+00:00    459.77
Name: close, dtype: float64",459.77,459.82,459.73
53,SPY,Buy,2022-01-04 21:00:00+00:00,"symbol  timestamp                
SPY     2022-01-04 21:00:00+00:00    459.77
Name: close, dtype: float64",459.77,459.82,459.73
54,SPY,Buy,2022-01-04 21:00:00+00:00,"symbol  timestamp                
SPY     2022-01-04 21:00:00+00:00    459.77
Name: close, dtype: float64",459.77,459.82,459.73
55,SPY,Buy,2022-01-04 21:00:00+00:00,"symbol  timestamp                
SPY     2022-01-04 21:00:00+00:00    459.77
Name: close, dtype: float64",459.77,459.82,459.73
56,SPY,Buy,2022-01-04 21:00:00+00:00,"symbol  timestamp                
SPY     2022-01-04 21:00:00+00:00    459.77
Name: close, dtype: float64",459.77,459.82,459.73
57,SPY,Buy,2022-01-04 21:00:00+00:00,"symbol  timestamp                
SPY     2022-01-04 21:00:00+00:00    459.77
Name: close, dtype: float64",459.77,459.82,459.73
58,SPY,Buy,2022-01-04 21:00:00+00:00,"symbol  timestamp                
SPY     2022-01-04 21:00:00+00:00    459.77
Name: close, dtype: float64",459.77,459.82,459.73
59,SPY,Buy,2022-01-04 21:00:00+00:00,"symbol  timestamp                
SPY     2022-01-04 21:00:00+00:00    459.77
Name: close, dtype: float64",459.77,459.82,459.73
60,SPY,Buy,2022-01-04 21:00:00+00:00,"symbol  timestamp                
SPY     2022-01-04 21:00:00+00:00    459.77
Name: close, dtype: float64",459.77,459.82,459.73
61,SPY,Buy,2022-01-04 21:00:00+00:00,"symbol  timestamp                
SPY     2022-01-04 21:00:00+00:00    459.77
Name: close, dtype: float64",459.77,459.82,459.73
62,SPY,Buy,2022-01-04 21:00:00+00:00,"symbol  timestamp                
SPY     2022-01-04 21:00:00+00:00    459.77
Name: close, dtype: float64",459.77,459.82,459.73
63,SPY,Buy,2022-01-04 21:00:00+00:00,"symbol  timestamp                
SPY     2022-01-04 21:00:00+00:00    459.77
Name: close, dtype: float64",459.77,459.82,459.73
64,SPY,Buy,2022-01-04 21:00:00+00:00,"symbol  timestamp                
SPY     2022-01-04 21:00:00+00:00    459.77
Name: close, dtype: float64",459.77,459.82,459.73
65,SPY,Buy,2022-01-05 13:30:00+00:00,"symbol  timestamp                
SPY     2022-01-05 13:30:00+00:00    459.56
Name: close, dtype: float64",459.79,459.6,459.15
66,SPY,Buy,2022-01-05 14:30:00+00:00,"symbol  timestamp                
SPY     2022-01-05 14:30:00+00:00    459.15
Name: close, dtype: float64",459.58,459.31,460.04
67,SPY,Sell,2022-01-05 15:15:00+00:00,"symbol  timestamp                
SPY     2022-01-05 15:15:00+00:00    460.04
Name: close, dtype: float64",459.65,459.58,459.29
68,SPY,Sell,2022-01-05 16:15:00+00:00,"symbol  timestamp                
SPY     2022-01-05 16:15:00+00:00    459.57
Name: close, dtype: float64",458.86,458.93,459.25
69,SPY,Buy,2022-01-10 21:45:00+00:00,"symbol  timestamp                
SPY     2022-01-10 21:45:00+00:00    448.08
Name: close, dtype: float64",448.3,447.91,448.2
70,SPY,Buy,2022-01-11 14:00:00+00:00,"symbol  timestamp                
SPY     2022-01-11 14:00:00+00:00    447.91
Name: close, dtype: float64",448.2,445.5,445.74
71,SPY,Buy,2022-01-11 16:45:00+00:00,"symbol  timestamp                
SPY     2022-01-11 16:45:00+00:00    450.23
Name: close, dtype: float64",450.53,449.52,450.15
72,SPY,Buy,2022-01-11 17:15:00+00:00,"symbol  timestamp                
SPY     2022-01-11 17:15:00+00:00    449.52
Name: close, dtype: float64",450.15,450.53,450.35
73,SPY,Buy,2022-01-11 20:30:00+00:00,"symbol  timestamp                
SPY     2022-01-11 20:30:00+00:00    451.88
Name: close, dtype: float64",452.38,452.24,452.23
74,SPY,Buy,2022-01-11 20:30:00+00:00,"symbol  timestamp                
SPY     2022-01-11 20:30:00+00:00    451.88
Name: close, dtype: float64",452.38,452.24,452.23
75,SPY,Buy,2022-01-11 20:30:00+00:00,"symbol  timestamp                
SPY     2022-01-11 20:30:00+00:00    451.88
Name: close, dtype: float64",452.38,452.24,452.23
76,SPY,Buy,2022-01-11 20:30:00+00:00,"symbol  timestamp                
SPY     2022-01-11 20:30:00+00:00    451.88
Name: close, dtype: float64",452.38,452.24,452.23
77,SPY,Buy,2022-01-11 20:30:00+00:00,"symbol  timestamp                
SPY     2022-01-11 20:30:00+00:00    451.88
Name: close, dtype: float64",452.38,452.24,452.23
78,SPY,Buy,2022-01-11 20:30:00+00:00,"symbol  timestamp                
SPY     2022-01-11 20:30:00+00:00    451.88
Name: close, dtype: float64",452.38,452.24,452.23
79,SPY,Buy,2022-01-11 20:30:00+00:00,"symbol  timestamp                
SPY     2022-01-11 20:30:00+00:00    451.88
Name: close, dtype: float64",452.38,452.24,452.23
80,SPY,Buy,2022-01-11 20:30:00+00:00,"symbol  timestamp                
SPY     2022-01-11 20:30:00+00:00    451.88
Name: close, dtype: float64",452.38,452.24,452.23
81,SPY,Buy,2022-01-11 20:30:00+00:00,"symbol  timestamp                
SPY     2022-01-11 20:30:00+00:00    451.88
Name: close, dtype: float64",452.38,452.24,452.23
82,SPY,Buy,2022-01-11 20:30:00+00:00,"symbol  timestamp                
SPY     2022-01-11 20:30:00+00:00    451.88
Name: close, dtype: float64",452.38,452.24,452.23
83,SPY,Buy,2022-01-11 20:30:00+00:00,"symbol  timestamp                
SPY     2022-01-11 20:30:00+00:00    451.88
Name: close, dtype: float64",452.38,452.24,452.23
84,SPY,Buy,2022-01-11 20:30:00+00:00,"symbol  timestamp                
SPY     2022-01-11 20:30:00+00:00    451.88
Name: close, dtype: float64",452.38,452.24,452.23
85,SPY,Buy,2022-01-11 20:30:00+00:00,"symbol  timestamp                
SPY     2022-01-11 20:30:00+00:00    451.88
Name: close, dtype: float64",452.38,452.24,452.23
86,SPY,Buy,2022-01-11 20:30:00+00:00,"symbol  timestamp                
SPY     2022-01-11 20:30:00+00:00    451.88
Name: close, dtype: float64",452.38,452.24,452.23
87,SPY,Buy,2022-01-11 20:30:00+00:00,"symbol  timestamp                
SPY     2022-01-11 20:30:00+00:00    451.88
Name: close, dtype: float64",452.38,452.24,452.23
88,SPY,Buy,2022-01-11 20:30:00+00:00,"symbol  timestamp                
SPY     2022-01-11 20:30:00+00:00    451.88
Name: close, dtype: float64",452.38,452.24,452.23
89,SPY,Buy,2022-01-11 20:30:00+00:00,"symbol  timestamp                
SPY     2022-01-11 20:30:00+00:00    451.88
Name: close, dtype: float64",452.38,452.24,452.23
90,SPY,Buy,2022-01-11 20:30:00+00:00,"symbol  timestamp                
SPY     2022-01-11 20:30:00+00:00    451.88
Name: close, dtype: float64",452.38,452.24,452.23
91,SPY,Buy,2022-01-11 20:30:00+00:00,"symbol  timestamp                
SPY     2022-01-11 20:30:00+00:00    451.88
Name: close, dtype: float64",452.38,452.24,452.23
92,SPY,Buy,2022-01-11 20:30:00+00:00,"symbol  timestamp                
SPY     2022-01-11 20:30:00+00:00    451.88
Name: close, dtype: float64",452.38,452.24,452.23
93,SPY,Buy,2022-01-11 20:30:00+00:00,"symbol  timestamp                
SPY     2022-01-11 20:30:00+00:00    451.88
Name: close, dtype: float64",452.38,452.24,452.23
94,SPY,Buy,2022-01-11 20:30:00+00:00,"symbol  timestamp                
SPY     2022-01-11 20:30:00+00:00    451.88
Name: close, dtype: float64",452.38,452.24,452.23
95,SPY,Buy,2022-01-11 20:30:00+00:00,"symbol  timestamp                
SPY     2022-01-11 20:30:00+00:00    451.88
Name: close, dtype: float64",452.38,452.24,452.23
96,SPY,Buy,2022-01-11 20:30:00+00:00,"symbol  timestamp                
SPY     2022-01-11 20:30:00+00:00    451.88
Name: close, dtype: float64",452.38,452.24,452.23
97,SPY,Buy,2022-01-11 20:30:00+00:00,"symbol  timestamp                
SPY     2022-01-11 20:30:00+00:00    451.88
Name: close, dtype: float64",452.38,452.24,452.23
98,SPY,Buy,2022-01-11 20:30:00+00:00,"symbol  timestamp                
SPY     2022-01-11 20:30:00+00:00    451.88
Name: close, dtype: float64",452.38,452.24,452.23
99,SPY,Buy,2022-01-11 20:30:00+00:00,"symbol  timestamp                
SPY     2022-01-11 20:30:00+00:00    451.88
Name: close, dtype: float64",452.38,452.24,452.23
100,SPY,Buy,2022-01-11 20:30:00+00:00,"symbol  timestamp                
SPY     2022-01-11 20:30:00+00:00    451.88
Name: close, dtype: float64",452.38,452.24,452.23
101,SPY,Buy,2022-01-11 20:30:00+00:00,"symbol  timestamp                
SPY     2022-01-11 20:30:00+00:00    451.88
Name: close, dtype: float64",452.38,452.24,452.23
102,SPY,Buy,2022-01-11 20:30:00+00:00,"symbol  timestamp                
SPY     2022-01-11 20:30:00+00:00    451.88
Name: close, dtype: float64",452.38,452.24,452.23
103,SPY,Buy,2022-01-11 20:30:00+00:00,"symbol  timestamp                
SPY     2022-01-11 20:30:00+00:00    451.88
Name: close, dtype: float64",452.38,452.24,452.23
104,SPY,Buy,2022-01-11 20:30:00+00:00,"symbol  timestamp                
SPY     2022-01-11 20:30:00+00:00    451.88
Name: close, dtype: float64",452.38,452.24,452.23
105,SPY,Buy,2022-01-11 20:30:00+00:00,"symbol  timestamp                
SPY     2022-01-11 20:30:00+00:00    451.88
Name: close, dtype: float64",452.38,452.24,452.23
106,SPY,Buy,2022-01-11 20:30:00+00:00,"symbol  timestamp                
SPY     2022-01-11 20:30:00+00:00    451.88
Name: close, dtype: float64",452.38,452.24,452.23
107,SPY,Buy,2022-01-11 20:30:00+00:00,"symbol  timestamp                
SPY     2022-01-11 20:30:00+00:00    451.88
Name: close, dtype: float64",452.38,452.24,452.23
108,SPY,Buy,2022-01-11 20:30:00+00:00,"symbol  timestamp                
SPY     2022-01-11 20:30:00+00:00    451.88
Name: close, dtype: float64",452.38,452.24,452.23
109,SPY,Buy,2022-01-11 20:30:00+00:00,"symbol  timestamp                
SPY     2022-01-11 20:30:00+00:00    451.88
Name: close, dtype: float64",452.38,452.24,452.23
110,SPY,Buy,2022-01-11 20:30:00+00:00,"symbol  timestamp                
SPY     2022-01-11 20:30:00+00:00    451.88
Name: close, dtype: float64",452.38,452.24,452.23
111,SPY,Buy,2022-01-11 20:30:00+00:00,"symbol  timestamp                
SPY     2022-01-11 20:30:00+00:00    451.88
Name: close, dtype: float64",452.38,452.24,452.23
112,SPY,Buy,2022-01-11 20:30:00+00:00,"symbol  timestamp                
SPY     2022-01-11 20:30:00+00:00    451.88
Name: close, dtype: float64",452.38,452.24,452.23
113,SPY,Buy,2022-01-11 20:30:00+00:00,"symbol  timestamp                
SPY     2022-01-11 20:30:00+00:00    451.88
Name: close, dtype: float64",452.38,452.24,452.23
114,SPY,Buy,2022-01-11 20:30:00+00:00,"symbol  timestamp                
SPY     2022-01-11 20:30:00+00:00    451.88
Name: close, dtype: float64",452.38,452.24,452.23
115,SPY,Buy,2022-01-11 20:30:00+00:00,"symbol  timestamp                
SPY     2022-01-11 20:30:00+00:00    451.88
Name: close, dtype: float64",452.38,452.24,452.23
116,SPY,Buy,2022-01-11 20:30:00+00:00,"symbol  timestamp                
SPY     2022-01-11 20:30:00+00:00    451.88
Name: close, dtype: float64",452.38,452.24,452.23
117,SPY,Buy,2022-01-11 20:30:00+00:00,"symbol  timestamp                
SPY     2022-01-11 20:30:00+00:00    451.88
Name: close, dtype: float64",452.38,452.24,452.23
118,SPY,Buy,2022-01-11 20:30:00+00:00,"symbol  timestamp                
SPY     2022-01-11 20:30:00+00:00    451.88
Name: close, dtype: float64",452.38,452.24,452.23
119,SPY,Buy,2022-01-11 20:30:00+00:00,"symbol  timestamp                
SPY     2022-01-11 20:30:00+00:00    451.88
Name: close, dtype: float64",452.38,452.24,452.23
120,SPY,Buy,2022-01-11 20:30:00+00:00,"symbol  timestamp                
SPY     2022-01-11 20:30:00+00:00    451.88
Name: close, dtype: float64",452.38,452.24,452.23
121,SPY,Buy,2022-01-11 20:30:00+00:00,"symbol  timestamp                
SPY     2022-01-11 20:30:00+00:00    451.88
Name: close, dtype: float64",452.38,452.24,452.23
122,SPY,Buy,2022-01-11 20:30:00+00:00,"symbol  timestamp                
SPY     2022-01-11 20:30:00+00:00    451.88
Name: close, dtype: float64",452.38,452.24,452.23
123,SPY,Buy,2022-01-11 20:30:00+00:00,"symbol  timestamp                
SPY     2022-01-11 20:30:00+00:00    451.88
Name: close, dtype: float64",452.38,452.24,452.23
124,SPY,Buy,2022-01-11 20:30:00+00:00,"symbol  timestamp                
SPY     2022-01-11 20:30:00+00:00    451.88
Name: close, dtype: float64",452.38,452.24,452.23
125,SPY,Buy,2022-01-11 20:30:00+00:00,"symbol  timestamp                
SPY     2022-01-11 20:30:00+00:00    451.88
Name: close, dtype: float64",452.38,452.24,452.23
126,SPY,Buy,2022-01-11 20:30:00+00:00,"symbol  timestamp                
SPY     2022-01-11 20:30:00+00:00    451.88
Name: close, dtype: float64",452.38,452.24,452.23
127,SPY,Buy,2022-01-11 20:30:00+00:00,"symbol  timestamp                
SPY     2022-01-11 20:30:00+00:00    451.88
Name: close, dtype: float64",452.38,452.24,452.23
128,SPY,Buy,2022-01-11 20:30:00+00:00,"symbol  timestamp                
SPY     2022-01-11 20:30:00+00:00    451.88
Name: close, dtype: float64",452.38,452.24,452.23
129,SPY,Buy,2022-01-11 20:30:00+00:00,"symbol  timestamp                
SPY     2022-01-11 20:30:00+00:00    451.88
Name: close, dtype: float64",452.38,452.24,452.23
130,SPY,Buy,2022-01-11 20:30:00+00:00,"symbol  timestamp                
SPY     2022-01-11 20:30:00+00:00    451.88
Name: close, dtype: float64",452.38,452.24,452.23
131,SPY,Buy,2022-01-11 20:30:00+00:00,"symbol  timestamp                
SPY     2022-01-11 20:30:00+00:00    451.88
Name: close, dtype: float64",452.38,452.24,452.23
132,SPY,Buy,2022-01-11 20:30:00+00:00,"symbol  timestamp                
SPY     2022-01-11 20:30:00+00:00    451.88
Name: close, dtype: float64",452.38,452.24,452.23
133,SPY,Buy,2022-01-12 14:30:00+00:00,"symbol  timestamp                
SPY     2022-01-12 14:30:00+00:00    453.84
Name: close, dtype: float64",455.13,455.53,454.86
134,SPY,Buy,2022-01-12 15:15:00+00:00,"symbol  timestamp                
SPY     2022-01-12 15:15:00+00:00    454.86
Name: close, dtype: float64",453.29,453.32,452.18
135,SPY,Buy,2022-01-12 15:30:00+00:00,"symbol  timestamp                
SPY     2022-01-12 15:30:00+00:00    453.29
Name: close, dtype: float64",453.32,452.18,453.0
136,SPY,Buy,2022-01-12 16:00:00+00:00,"symbol  timestamp                
SPY     2022-01-12 16:00:00+00:00    452.18
Name: close, dtype: float64",453.0,453.39,453.56
137,SPY,Sell,2022-01-12 17:15:00+00:00,"symbol  timestamp                
SPY     2022-01-12 17:15:00+00:00    453.52
Name: close, dtype: float64",453.73,454.24,453.75
138,SPY,Sell,2022-01-12 17:30:00+00:00,"symbol  timestamp                
SPY     2022-01-12 17:30:00+00:00    453.73
Name: close, dtype: float64",454.24,453.75,453.29
139,SPY,Sell,2022-01-12 18:30:00+00:00,"symbol  timestamp                
SPY     2022-01-12 18:30:00+00:00    453.43
Name: close, dtype: float64",453.01,453.06,453.71
140,SPY,Buy,2022-01-12 19:30:00+00:00,"symbol  timestamp                
SPY     2022-01-12 19:30:00+00:00    452.97
Name: close, dtype: float64",453.48,453.22,453.16
141,SPY,Buy,2022-01-12 21:45:00+00:00,"symbol  timestamp                
SPY     2022-01-12 21:45:00+00:00    453.69
Name: close, dtype: float64",454.62,454.84,454.83
142,SPY,Buy,2022-01-13 15:00:00+00:00,"symbol  timestamp                
SPY     2022-01-13 15:00:00+00:00    453.88
Name: close, dtype: float64",453.73,452.98,452.56
143,SPY,Buy,2022-01-13 15:15:00+00:00,"symbol  timestamp                
SPY     2022-01-13 15:15:00+00:00    453.73
Name: close, dtype: float64",452.98,452.56,452.23
144,SPY,Sell,2022-01-19 17:15:00+00:00,"symbol  timestamp                
SPY     2022-01-19 17:15:00+00:00    441.15
Name: close, dtype: float64",440.39,441.13,441.06
145,SPY,Buy,2022-01-20 17:00:00+00:00,"symbol  timestamp                
SPY     2022-01-20 17:00:00+00:00    440.45
Name: close, dtype: float64",440.54,440.68,439.84
146,SPY,Buy,2022-01-20 17:45:00+00:00,"symbol  timestamp                
SPY     2022-01-20 17:45:00+00:00    439.84
Name: close, dtype: float64",439.19,438.82,438.95
147,SPY,Buy,2022-01-20 18:00:00+00:00,"symbol  timestamp                
SPY     2022-01-20 18:00:00+00:00    439.19
Name: close, dtype: float64",438.82,438.95,438.51
148,SPY,Buy,2022-01-25 15:45:00+00:00,"symbol  timestamp                
SPY     2022-01-25 15:45:00+00:00    415.12
Name: close, dtype: float64",414.42,416.18,414.38
149,SPY,Buy,2022-01-25 20:00:00+00:00,"symbol  timestamp                
SPY     2022-01-25 20:00:00+00:00    420.89
Name: close, dtype: float64",419.21,419.71,418.42
150,SPY,Buy,2022-01-25 20:45:00+00:00,"symbol  timestamp                
SPY     2022-01-25 20:45:00+00:00    418.42
Name: close, dtype: float64",416.8,416.05,414.1
151,SPY,Buy,2022-01-25 20:45:00+00:00,"symbol  timestamp                
SPY     2022-01-25 20:45:00+00:00    418.42
Name: close, dtype: float64",416.8,416.05,414.1
152,SPY,Buy,2022-01-25 20:45:00+00:00,"symbol  timestamp                
SPY     2022-01-25 20:45:00+00:00    418.42
Name: close, dtype: float64",416.8,416.05,414.1
153,SPY,Buy,2022-01-25 20:45:00+00:00,"symbol  timestamp                
SPY     2022-01-25 20:45:00+00:00    418.42
Name: close, dtype: float64",416.8,416.05,414.1
154,SPY,Buy,2022-01-25 20:45:00+00:00,"symbol  timestamp                
SPY     2022-01-25 20:45:00+00:00    418.42
Name: close, dtype: float64",416.8,416.05,414.1
155,SPY,Buy,2022-01-25 20:45:00+00:00,"symbol  timestamp                
SPY     2022-01-25 20:45:00+00:00    418.42
Name: close, dtype: float64",416.8,416.05,414.1
156,SPY,Buy,2022-01-25 20:45:00+00:00,"symbol  timestamp                
SPY     2022-01-25 20:45:00+00:00    418.42
Name: close, dtype: float64",416.8,416.05,414.1
157,SPY,Buy,2022-01-25 20:45:00+00:00,"symbol  timestamp                
SPY     2022-01-25 20:45:00+00:00    418.42
Name: close, dtype: float64",416.8,416.05,414.1
158,SPY,Buy,2022-01-25 20:45:00+00:00,"symbol  timestamp                
SPY     2022-01-25 20:45:00+00:00    418.42
Name: close, dtype: float64",416.8,416.05,414.1
159,SPY,Buy,2022-01-25 20:45:00+00:00,"symbol  timestamp                
SPY     2022-01-25 20:45:00+00:00    418.42
Name: close, dtype: float64",416.8,416.05,414.1
160,SPY,Buy,2022-01-25 20:45:00+00:00,"symbol  timestamp                
SPY     2022-01-25 20:45:00+00:00    418.42
Name: close, dtype: float64",416.8,416.05,414.1
161,SPY,Buy,2022-01-25 20:45:00+00:00,"symbol  timestamp                
SPY     2022-01-25 20:45:00+00:00    418.42
Name: close, dtype: float64",416.8,416.05,414.1
162,SPY,Buy,2022-01-25 20:45:00+00:00,"symbol  timestamp                
SPY     2022-01-25 20:45:00+00:00    418.42
Name: close, dtype: float64",416.8,416.05,414.1
163,SPY,Buy,2022-01-25 20:45:00+00:00,"symbol  timestamp                
SPY     2022-01-25 20:45:00+00:00    418.42
Name: close, dtype: float64",416.8,416.05,414.1
164,SPY,Buy,2022-01-25 20:45:00+00:00,"symbol  timestamp                
SPY     2022-01-25 20:45:00+00:00    418.42
Name: close, dtype: float64",416.8,416.05,414.1
165,SPY,Buy,2022-01-25 20:45:00+00:00,"symbol  timestamp                
SPY     2022-01-25 20:45:00+00:00    418.42
Name: close, dtype: float64",416.8,416.05,414.1
166,SPY,Buy,2022-01-25 20:45:00+00:00,"symbol  timestamp                
SPY     2022-01-25 20:45:00+00:00    418.42
Name: close, dtype: float64",416.8,416.05,414.1
167,SPY,Buy,2022-01-25 20:45:00+00:00,"symbol  timestamp                
SPY     2022-01-25 20:45:00+00:00    418.42
Name: close, dtype: float64",416.8,416.05,414.1
168,SPY,Buy,2022-01-25 20:45:00+00:00,"symbol  timestamp                
SPY     2022-01-25 20:45:00+00:00    418.42
Name: close, dtype: float64",416.8,416.05,414.1
169,SPY,Buy,2022-01-25 20:45:00+00:00,"symbol  timestamp                
SPY     2022-01-25 20:45:00+00:00    418.42
Name: close, dtype: float64",416.8,416.05,414.1
170,SPY,Buy,2022-01-25 20:45:00+00:00,"symbol  timestamp                
SPY     2022-01-25 20:45:00+00:00    418.42
Name: close, dtype: float64",416.8,416.05,414.1
171,SPY,Buy,2022-01-25 20:45:00+00:00,"symbol  timestamp                
SPY     2022-01-25 20:45:00+00:00    418.42
Name: close, dtype: float64",416.8,416.05,414.1
172,SPY,Buy,2022-01-25 20:45:00+00:00,"symbol  timestamp                
SPY     2022-01-25 20:45:00+00:00    418.42
Name: close, dtype: float64",416.8,416.05,414.1
173,SPY,Buy,2022-01-25 20:45:00+00:00,"symbol  timestamp                
SPY     2022-01-25 20:45:00+00:00    418.42
Name: close, dtype: float64",416.8,416.05,414.1
174,SPY,Buy,2022-01-25 20:45:00+00:00,"symbol  timestamp                
SPY     2022-01-25 20:45:00+00:00    418.42
Name: close, dtype: float64",416.8,416.05,414.1
175,SPY,Buy,2022-01-25 20:45:00+00:00,"symbol  timestamp                
SPY     2022-01-25 20:45:00+00:00    418.42
Name: close, dtype: float64",416.8,416.05,414.1
176,SPY,Buy,2022-01-25 20:45:00+00:00,"symbol  timestamp                
SPY     2022-01-25 20:45:00+00:00    418.42
Name: close, dtype: float64",416.8,416.05,414.1
177,SPY,Buy,2022-01-25 20:45:00+00:00,"symbol  timestamp                
SPY     2022-01-25 20:45:00+00:00    418.42
Name: close, dtype: float64",416.8,416.05,414.1
178,SPY,Buy,2022-01-25 20:45:00+00:00,"symbol  timestamp                
SPY     2022-01-25 20:45:00+00:00    418.42
Name: close, dtype: float64",416.8,416.05,414.1
179,SPY,Buy,2022-01-25 20:45:00+00:00,"symbol  timestamp                
SPY     2022-01-25 20:45:00+00:00    418.42
Name: close, dtype: float64",416.8,416.05,414.1
180,SPY,Buy,2022-01-25 20:45:00+00:00,"symbol  timestamp                
SPY     2022-01-25 20:45:00+00:00    418.42
Name: close, dtype: float64",416.8,416.05,414.1
181,SPY,Buy,2022-01-25 20:45:00+00:00,"symbol  timestamp                
SPY     2022-01-25 20:45:00+00:00    418.42
Name: close, dtype: float64",416.8,416.05,414.1
182,SPY,Buy,2022-01-25 20:45:00+00:00,"symbol  timestamp                
SPY     2022-01-25 20:45:00+00:00    418.42
Name: close, dtype: float64",416.8,416.05,414.1
183,SPY,Buy,2022-01-25 20:45:00+00:00,"symbol  timestamp                
SPY     2022-01-25 20:45:00+00:00    418.42
Name: close, dtype: float64",416.8,416.05,414.1
184,SPY,Buy,2022-01-25 20:45:00+00:00,"symbol  timestamp                
SPY     2022-01-25 20:45:00+00:00    418.42
Name: close, dtype: float64",416.8,416.05,414.1
185,SPY,Buy,2022-01-25 20:45:00+00:00,"symbol  timestamp                
SPY     2022-01-25 20:45:00+00:00    418.42
Name: close, dtype: float64",416.8,416.05,414.1
186,SPY,Buy,2022-01-25 20:45:00+00:00,"symbol  timestamp                
SPY     2022-01-25 20:45:00+00:00    418.42
Name: close, dtype: float64",416.8,416.05,414.1
187,SPY,Buy,2022-01-25 20:45:00+00:00,"symbol  timestamp                
SPY     2022-01-25 20:45:00+00:00    418.42
Name: close, dtype: float64",416.8,416.05,414.1
188,SPY,Buy,2022-01-25 20:45:00+00:00,"symbol  timestamp                
SPY     2022-01-25 20:45:00+00:00    418.42
Name: close, dtype: float64",416.8,416.05,414.1
189,SPY,Buy,2022-01-25 20:45:00+00:00,"symbol  timestamp                
SPY     2022-01-25 20:45:00+00:00    418.42
Name: close, dtype: float64",416.8,416.05,414.1
190,SPY,Buy,2022-01-25 20:45:00+00:00,"symbol  timestamp                
SPY     2022-01-25 20:45:00+00:00    418.42
Name: close, dtype: float64",416.8,416.05,414.1
191,SPY,Buy,2022-01-25 20:45:00+00:00,"symbol  timestamp                
SPY     2022-01-25 20:45:00+00:00    418.42
Name: close, dtype: float64",416.8,416.05,414.1
192,SPY,Buy,2022-01-25 20:45:00+00:00,"symbol  timestamp                
SPY     2022-01-25 20:45:00+00:00    418.42
Name: close, dtype: float64",416.8,416.05,414.1
193,SPY,Buy,2022-01-25 20:45:00+00:00,"symbol  timestamp                
SPY     2022-01-25 20:45:00+00:00    418.42
Name: close, dtype: float64",416.8,416.05,414.1
194,SPY,Buy,2022-01-25 20:45:00+00:00,"symbol  timestamp                
SPY     2022-01-25 20:45:00+00:00    418.42
Name: close, dtype: float64",416.8,416.05,414.1
195,SPY,Buy,2022-01-25 20:45:00+00:00,"symbol  timestamp                
SPY     2022-01-25 20:45:00+00:00    418.42
Name: close, dtype: float64",416.8,416.05,414.1
196,SPY,Buy,2022-01-25 20:45:00+00:00,"symbol  timestamp                
SPY     2022-01-25 20:45:00+00:00    418.42
Name: close, dtype: float64",416.8,416.05,414.1
197,SPY,Buy,2022-01-25 20:45:00+00:00,"symbol  timestamp                
SPY     2022-01-25 20:45:00+00:00    418.42
Name: close, dtype: float64",416.8,416.05,414.1
198,SPY,Buy,2022-01-25 20:45:00+00:00,"symbol  timestamp                
SPY     2022-01-25 20:45:00+00:00    418.42
Name: close, dtype: float64",416.8,416.05,414.1
199,SPY,Buy,2022-01-25 20:45:00+00:00,"symbol  timestamp                
SPY     2022-01-25 20:45:00+00:00    418.42
Name: close, dtype: float64",416.8,416.05,414.1
200,SPY,Buy,2022-01-25 20:45:00+00:00,"symbol  timestamp                
SPY     2022-01-25 20:45:00+00:00    418.42
Name: close, dtype: float64",416.8,416.05,414.1
201,SPY,Buy,2022-01-25 20:45:00+00:00,"symbol  timestamp                
SPY     2022-01-25 20:45:00+00:00    418.42
Name: close, dtype: float64",416.8,416.05,414.1
202,SPY,Buy,2022-01-25 20:45:00+00:00,"symbol  timestamp                
SPY     2022-01-25 20:45:00+00:00    418.42
Name: close, dtype: float64",416.8,416.05,414.1
203,SPY,Buy,2022-01-25 20:45:00+00:00,"symbol  timestamp                
SPY     2022-01-25 20:45:00+00:00    418.42
Name: close, dtype: float64",416.8,416.05,414.1
204,SPY,Buy,2022-01-25 20:45:00+00:00,"symbol  timestamp                
SPY     2022-01-25 20:45:00+00:00    418.42
Name: close, dtype: float64",416.8,416.05,414.1
205,SPY,Buy,2022-01-25 20:45:00+00:00,"symbol  timestamp                
SPY     2022-01-25 20:45:00+00:00    418.42
Name: close, dtype: float64",416.8,416.05,414.1
206,SPY,Buy,2022-01-25 20:45:00+00:00,"symbol  timestamp                
SPY     2022-01-25 20:45:00+00:00    418.42
Name: close, dtype: float64",416.8,416.05,414.1
207,SPY,Buy,2022-01-25 20:45:00+00:00,"symbol  timestamp                
SPY     2022-01-25 20:45:00+00:00    418.42
Name: close, dtype: float64",416.8,416.05,414.1
208,SPY,Buy,2022-01-26 15:15:00+00:00,"symbol  timestamp                
SPY     2022-01-26 15:15:00+00:00    422.85
Name: close, dtype: float64",421.83,422.93,424.15
209,SPY,Buy,2022-01-26 17:45:00+00:00,"symbol  timestamp                
SPY     2022-01-26 17:45:00+00:00    425.6
Name: close, dtype: float64",424.95,424.61,424.52
210,SPY,Buy,2022-01-26 18:00:00+00:00,"symbol  timestamp                
SPY     2022-01-26 18:00:00+00:00    424.95
Name: close, dtype: float64",424.61,424.52,424.43
211,SPY,Buy,2022-01-26 19:00:00+00:00,"symbol  timestamp                
SPY     2022-01-26 19:00:00+00:00    422.71
Name: close, dtype: float64",425.13,421.39,420.19
212,SPY,Sell,2022-01-27 14:30:00+00:00,"symbol  timestamp                
SPY     2022-01-27 14:30:00+00:00    423.57
Name: close, dtype: float64",424.03,424.79,421.25
213,SPY,Sell,2022-01-27 14:45:00+00:00,"symbol  timestamp                
SPY     2022-01-27 14:45:00+00:00    424.03
Name: close, dtype: float64",424.79,421.25,421.73
214,SPY,Buy,2022-01-28 17:45:00+00:00,"symbol  timestamp                
SPY     2022-01-28 17:45:00+00:00    418.5
Name: close, dtype: float64",420.09,419.51,420.05
215,SPY,Buy,2022-01-28 18:15:00+00:00,"symbol  timestamp                
SPY     2022-01-28 18:15:00+00:00    419.51
Name: close, dtype: float64",420.05,420.13,417.99
216,SPY,Buy,2022-01-31 17:00:00+00:00,"symbol  timestamp                
SPY     2022-01-31 17:00:00+00:00    429.59
Name: close, dtype: float64",429.87,429.9,430.82
217,SPY,Buy,2022-01-31 18:00:00+00:00,"symbol  timestamp                
SPY     2022-01-31 18:00:00+00:00    430.6
Name: close, dtype: float64",430.36,430.35,430.86
218,SPY,Buy,2022-01-31 18:15:00+00:00,"symbol  timestamp                
SPY     2022-01-31 18:15:00+00:00    430.36
Name: close, dtype: float64",430.35,430.86,431.27
219,SPY,Buy,2022-01-31 19:30:00+00:00,"symbol  timestamp                
SPY     2022-01-31 19:30:00+00:00    431.7
Name: close, dtype: float64",431.52,429.66,430.66
220,SPY,Buy,2022-01-31 19:45:00+00:00,"symbol  timestamp                
SPY     2022-01-31 19:45:00+00:00    431.52
Name: close, dtype: float64",429.66,430.66,431.59
221,SPY,Buy,2022-01-31 20:00:00+00:00,"symbol  timestamp                
SPY     2022-01-31 20:00:00+00:00    429.66
Name: close, dtype: float64",430.66,431.59,433.18
222,SPY,Buy,2022-01-31 21:45:00+00:00,"symbol  timestamp                
SPY     2022-01-31 21:45:00+00:00    431.97
Name: close, dtype: float64",432.51,433.13,432.37
223,SPY,Buy,2022-02-01 15:00:00+00:00,"symbol  timestamp                
SPY     2022-02-01 15:00:00+00:00    432.37
Name: close, dtype: float64",432.16,431.81,433.34
224,SPY,Buy,2022-02-01 15:15:00+00:00,"symbol  timestamp                
SPY     2022-02-01 15:15:00+00:00    432.16
Name: close, dtype: float64",431.81,433.34,434.09
225,SPY,Buy,2022-02-01 16:15:00+00:00,"symbol  timestamp                
SPY     2022-02-01 16:15:00+00:00    433.24
Name: close, dtype: float64",433.41,434.05,433.27
226,SPY,Buy,2022-02-01 18:45:00+00:00,"symbol  timestamp                
SPY     2022-02-01 18:45:00+00:00    433.73
Name: close, dtype: float64",433.61,433.49,433.72
227,SPY,Buy,2022-02-01 19:00:00+00:00,"symbol  timestamp                
SPY     2022-02-01 19:00:00+00:00    433.61
Name: close, dtype: float64",433.49,433.72,433.8
228,SPY,Buy,2022-02-01 19:15:00+00:00,"symbol  timestamp                
SPY     2022-02-01 19:15:00+00:00    433.49
Name: close, dtype: float64",433.72,433.8,434.94
229,SPY,Buy,2022-02-02 14:45:00+00:00,"symbol  timestamp                
SPY     2022-02-02 14:45:00+00:00    437.72
Name: close, dtype: float64",437.89,437.36,438.4
230,SPY,Buy,2022-02-02 15:15:00+00:00,"symbol  timestamp                
SPY     2022-02-02 15:15:00+00:00    437.36
Name: close, dtype: float64",438.4,438.25,436.48
231,SPY,Buy,2022-02-02 16:00:00+00:00,"symbol  timestamp                
SPY     2022-02-02 16:00:00+00:00    436.48
Name: close, dtype: float64",437.5,437.21,437.95
232,SPY,Buy,2022-02-02 17:15:00+00:00,"symbol  timestamp                
SPY     2022-02-02 17:15:00+00:00    438.31
Name: close, dtype: float64",438.86,439.94,439.31
233,SPY,Buy,2022-02-02 18:15:00+00:00,"symbol  timestamp                
SPY     2022-02-02 18:15:00+00:00    438.79
Name: close, dtype: float64",439.46,439.41,439.28
234,SPY,Buy,2022-02-02 18:45:00+00:00,"symbol  timestamp                
SPY     2022-02-02 18:45:00+00:00    439.41
Name: close, dtype: float64",439.28,439.39,440.25
235,SPY,Buy,2022-02-02 19:00:00+00:00,"symbol  timestamp                
SPY     2022-02-02 19:00:00+00:00    439.28
Name: close, dtype: float64",439.39,440.25,440.1
236,SPY,Buy,2022-02-02 19:45:00+00:00,"symbol  timestamp                
SPY     2022-02-02 19:45:00+00:00    440.1
Name: close, dtype: float64",440.15,440.45,440.74
237,SPY,Buy,2022-02-02 20:45:00+00:00,"symbol  timestamp                
SPY     2022-02-02 20:45:00+00:00    440.28
Name: close, dtype: float64",436.92,437.47,437.31
238,SPY,Buy,2022-02-02 20:45:00+00:00,"symbol  timestamp                
SPY     2022-02-02 20:45:00+00:00    440.28
Name: close, dtype: float64",436.92,437.47,437.31
239,SPY,Buy,2022-02-02 20:45:00+00:00,"symbol  timestamp                
SPY     2022-02-02 20:45:00+00:00    440.28
Name: close, dtype: float64",436.92,437.47,437.31
240,SPY,Buy,2022-02-02 20:45:00+00:00,"symbol  timestamp                
SPY     2022-02-02 20:45:00+00:00    440.28
Name: close, dtype: float64",436.92,437.47,437.31
241,SPY,Buy,2022-02-02 20:45:00+00:00,"symbol  timestamp                
SPY     2022-02-02 20:45:00+00:00    440.28
Name: close, dtype: float64",436.92,437.47,437.31
242,SPY,Buy,2022-02-02 20:45:00+00:00,"symbol  timestamp                
SPY     2022-02-02 20:45:00+00:00    440.28
Name: close, dtype: float64",436.92,437.47,437.31
243,SPY,Buy,2022-02-02 20:45:00+00:00,"symbol  timestamp                
SPY     2022-02-02 20:45:00+00:00    440.28
Name: close, dtype: float64",436.92,437.47,437.31
244,SPY,Buy,2022-02-02 20:45:00+00:00,"symbol  timestamp                
SPY     2022-02-02 20:45:00+00:00    440.28
Name: close, dtype: float64",436.92,437.47,437.31
245,SPY,Buy,2022-02-02 20:45:00+00:00,"symbol  timestamp                
SPY     2022-02-02 20:45:00+00:00    440.28
Name: close, dtype: float64",436.92,437.47,437.31
246,SPY,Buy,2022-02-02 20:45:00+00:00,"symbol  timestamp                
SPY     2022-02-02 20:45:00+00:00    440.28
Name: close, dtype: float64",436.92,437.47,437.31
247,SPY,Buy,2022-02-02 20:45:00+00:00,"symbol  timestamp                
SPY     2022-02-02 20:45:00+00:00    440.28
Name: close, dtype: float64",436.92,437.47,437.31
248,SPY,Buy,2022-02-02 20:45:00+00:00,"symbol  timestamp                
SPY     2022-02-02 20:45:00+00:00    440.28
Name: close, dtype: float64",436.92,437.47,437.31
249,SPY,Buy,2022-02-02 20:45:00+00:00,"symbol  timestamp                
SPY     2022-02-02 20:45:00+00:00    440.28
Name: close, dtype: float64",436.92,437.47,437.31
250,SPY,Buy,2022-02-02 20:45:00+00:00,"symbol  timestamp                
SPY     2022-02-02 20:45:00+00:00    440.28
Name: close, dtype: float64",436.92,437.47,437.31
251,SPY,Buy,2022-02-02 20:45:00+00:00,"symbol  timestamp                
SPY     2022-02-02 20:45:00+00:00    440.28
Name: close, dtype: float64",436.92,437.47,437.31
252,SPY,Buy,2022-02-02 20:45:00+00:00,"symbol  timestamp                
SPY     2022-02-02 20:45:00+00:00    440.28
Name: close, dtype: float64",436.92,437.47,437.31
253,SPY,Buy,2022-02-02 20:45:00+00:00,"symbol  timestamp                
SPY     2022-02-02 20:45:00+00:00    440.28
Name: close, dtype: float64",436.92,437.47,437.31
254,SPY,Buy,2022-02-02 20:45:00+00:00,"symbol  timestamp                
SPY     2022-02-02 20:45:00+00:00    440.28
Name: close, dtype: float64",436.92,437.47,437.31
255,SPY,Buy,2022-02-02 20:45:00+00:00,"symbol  timestamp                
SPY     2022-02-02 20:45:00+00:00    440.28
Name: close, dtype: float64",436.92,437.47,437.31
256,SPY,Buy,2022-02-02 20:45:00+00:00,"symbol  timestamp                
SPY     2022-02-02 20:45:00+00:00    440.28
Name: close, dtype: float64",436.92,437.47,437.31
257,SPY,Buy,2022-02-02 20:45:00+00:00,"symbol  timestamp                
SPY     2022-02-02 20:45:00+00:00    440.28
Name: close, dtype: float64",436.92,437.47,437.31
258,SPY,Buy,2022-02-02 20:45:00+00:00,"symbol  timestamp                
SPY     2022-02-02 20:45:00+00:00    440.28
Name: close, dtype: float64",436.92,437.47,437.31
259,SPY,Buy,2022-02-02 20:45:00+00:00,"symbol  timestamp                
SPY     2022-02-02 20:45:00+00:00    440.28
Name: close, dtype: float64",436.92,437.47,437.31
260,SPY,Buy,2022-02-02 20:45:00+00:00,"symbol  timestamp                
SPY     2022-02-02 20:45:00+00:00    440.28
Name: close, dtype: float64",436.92,437.47,437.31
261,SPY,Buy,2022-02-02 20:45:00+00:00,"symbol  timestamp                
SPY     2022-02-02 20:45:00+00:00    440.28
Name: close, dtype: float64",436.92,437.47,437.31
262,SPY,Buy,2022-02-02 20:45:00+00:00,"symbol  timestamp                
SPY     2022-02-02 20:45:00+00:00    440.28
Name: close, dtype: float64",436.92,437.47,437.31
263,SPY,Buy,2022-02-02 20:45:00+00:00,"symbol  timestamp                
SPY     2022-02-02 20:45:00+00:00    440.28
Name: close, dtype: float64",436.92,437.47,437.31
264,SPY,Buy,2022-02-02 20:45:00+00:00,"symbol  timestamp                
SPY     2022-02-02 20:45:00+00:00    440.28
Name: close, dtype: float64",436.92,437.47,437.31
265,SPY,Buy,2022-02-02 20:45:00+00:00,"symbol  timestamp                
SPY     2022-02-02 20:45:00+00:00    440.28
Name: close, dtype: float64",436.92,437.47,437.31
266,SPY,Buy,2022-02-02 20:45:00+00:00,"symbol  timestamp                
SPY     2022-02-02 20:45:00+00:00    440.28
Name: close, dtype: float64",436.92,437.47,437.31
267,SPY,Buy,2022-02-02 20:45:00+00:00,"symbol  timestamp                
SPY     2022-02-02 20:45:00+00:00    440.28
Name: close, dtype: float64",436.92,437.47,437.31
268,SPY,Buy,2022-02-02 20:45:00+00:00,"symbol  timestamp                
SPY     2022-02-02 20:45:00+00:00    440.28
Name: close, dtype: float64",436.92,437.47,437.31
269,SPY,Buy,2022-02-02 20:45:00+00:00,"symbol  timestamp                
SPY     2022-02-02 20:45:00+00:00    440.28
Name: close, dtype: float64",436.92,437.47,437.31
270,SPY,Buy,2022-02-02 20:45:00+00:00,"symbol  timestamp                
SPY     2022-02-02 20:45:00+00:00    440.28
Name: close, dtype: float64",436.92,437.47,437.31
271,SPY,Buy,2022-02-02 20:45:00+00:00,"symbol  timestamp                
SPY     2022-02-02 20:45:00+00:00    440.28
Name: close, dtype: float64",436.92,437.47,437.31
272,SPY,Buy,2022-02-02 20:45:00+00:00,"symbol  timestamp                
SPY     2022-02-02 20:45:00+00:00    440.28
Name: close, dtype: float64",436.92,437.47,437.31
273,SPY,Buy,2022-02-02 20:45:00+00:00,"symbol  timestamp                
SPY     2022-02-02 20:45:00+00:00    440.28
Name: close, dtype: float64",436.92,437.47,437.31
274,SPY,Buy,2022-02-02 20:45:00+00:00,"symbol  timestamp                
SPY     2022-02-02 20:45:00+00:00    440.28
Name: close, dtype: float64",436.92,437.47,437.31
275,SPY,Buy,2022-02-02 20:45:00+00:00,"symbol  timestamp                
SPY     2022-02-02 20:45:00+00:00    440.28
Name: close, dtype: float64",436.92,437.47,437.31
276,SPY,Buy,2022-02-02 20:45:00+00:00,"symbol  timestamp                
SPY     2022-02-02 20:45:00+00:00    440.28
Name: close, dtype: float64",436.92,437.47,437.31
277,SPY,Buy,2022-02-02 20:45:00+00:00,"symbol  timestamp                
SPY     2022-02-02 20:45:00+00:00    440.28
Name: close, dtype: float64",436.92,437.47,437.31
278,SPY,Buy,2022-02-02 20:45:00+00:00,"symbol  timestamp                
SPY     2022-02-02 20:45:00+00:00    440.28
Name: close, dtype: float64",436.92,437.47,437.31
279,SPY,Buy,2022-02-02 20:45:00+00:00,"symbol  timestamp                
SPY     2022-02-02 20:45:00+00:00    440.28
Name: close, dtype: float64",436.92,437.47,437.31
280,SPY,Buy,2022-02-02 20:45:00+00:00,"symbol  timestamp                
SPY     2022-02-02 20:45:00+00:00    440.28
Name: close, dtype: float64",436.92,437.47,437.31
281,SPY,Buy,2022-02-02 20:45:00+00:00,"symbol  timestamp                
SPY     2022-02-02 20:45:00+00:00    440.28
Name: close, dtype: float64",436.92,437.47,437.31
282,SPY,Buy,2022-02-02 20:45:00+00:00,"symbol  timestamp                
SPY     2022-02-02 20:45:00+00:00    440.28
Name: close, dtype: float64",436.92,437.47,437.31
283,SPY,Buy,2022-02-02 20:45:00+00:00,"symbol  timestamp                
SPY     2022-02-02 20:45:00+00:00    440.28
Name: close, dtype: float64",436.92,437.47,437.31
284,SPY,Buy,2022-02-02 20:45:00+00:00,"symbol  timestamp                
SPY     2022-02-02 20:45:00+00:00    440.28
Name: close, dtype: float64",436.92,437.47,437.31
285,SPY,Buy,2022-02-02 20:45:00+00:00,"symbol  timestamp                
SPY     2022-02-02 20:45:00+00:00    440.28
Name: close, dtype: float64",436.92,437.47,437.31
286,SPY,Buy,2022-02-02 20:45:00+00:00,"symbol  timestamp                
SPY     2022-02-02 20:45:00+00:00    440.28
Name: close, dtype: float64",436.92,437.47,437.31
287,SPY,Buy,2022-02-02 20:45:00+00:00,"symbol  timestamp                
SPY     2022-02-02 20:45:00+00:00    440.28
Name: close, dtype: float64",436.92,437.47,437.31
288,SPY,Buy,2022-02-02 20:45:00+00:00,"symbol  timestamp                
SPY     2022-02-02 20:45:00+00:00    440.28
Name: close, dtype: float64",436.92,437.47,437.31
289,SPY,Buy,2022-02-02 20:45:00+00:00,"symbol  timestamp                
SPY     2022-02-02 20:45:00+00:00    440.28
Name: close, dtype: float64",436.92,437.47,437.31
290,SPY,Buy,2022-02-02 20:45:00+00:00,"symbol  timestamp                
SPY     2022-02-02 20:45:00+00:00    440.28
Name: close, dtype: float64",436.92,437.47,437.31
291,SPY,Buy,2022-02-02 20:45:00+00:00,"symbol  timestamp                
SPY     2022-02-02 20:45:00+00:00    440.28
Name: close, dtype: float64",436.92,437.47,437.31
292,SPY,Buy,2022-02-02 20:45:00+00:00,"symbol  timestamp                
SPY     2022-02-02 20:45:00+00:00    440.28
Name: close, dtype: float64",436.92,437.47,437.31
293,SPY,Buy,2022-02-02 20:45:00+00:00,"symbol  timestamp                
SPY     2022-02-02 20:45:00+00:00    440.28
Name: close, dtype: float64",436.92,437.47,437.31
294,SPY,Buy,2022-02-02 20:45:00+00:00,"symbol  timestamp                
SPY     2022-02-02 20:45:00+00:00    440.28
Name: close, dtype: float64",436.92,437.47,437.31
295,SPY,Buy,2022-02-02 20:45:00+00:00,"symbol  timestamp                
SPY     2022-02-02 20:45:00+00:00    440.28
Name: close, dtype: float64",436.92,437.47,437.31
296,SPY,Buy,2022-02-02 20:45:00+00:00,"symbol  timestamp                
SPY     2022-02-02 20:45:00+00:00    440.28
Name: close, dtype: float64",436.92,437.47,437.31
297,SPY,Buy,2022-02-02 20:45:00+00:00,"symbol  timestamp                
SPY     2022-02-02 20:45:00+00:00    440.28
Name: close, dtype: float64",436.92,437.47,437.31
298,SPY,Buy,2022-02-02 20:45:00+00:00,"symbol  timestamp                
SPY     2022-02-02 20:45:00+00:00    440.28
Name: close, dtype: float64",436.92,437.47,437.31
299,SPY,Buy,2022-02-02 20:45:00+00:00,"symbol  timestamp                
SPY     2022-02-02 20:45:00+00:00    440.28
Name: close, dtype: float64",436.92,437.47,437.31
300,SPY,Buy,2022-02-04 20:15:00+00:00,"symbol  timestamp                
SPY     2022-02-04 20:15:00+00:00    435.14
Name: close, dtype: float64",434.2,432.16,431.72
301,SPY,Sell,2022-02-07 14:45:00+00:00,"symbol  timestamp                
SPY     2022-02-07 14:45:00+00:00    433.36
Name: close, dtype: float64",432.1,433.34,432.89
302,SPY,Sell,2022-02-07 18:45:00+00:00,"symbol  timestamp                
SPY     2022-02-07 18:45:00+00:00    432.86
Name: close, dtype: float64",432.36,433.4,433.72
303,SPY,Buy,2022-02-07 19:45:00+00:00,"symbol  timestamp                
SPY     2022-02-07 19:45:00+00:00    433.32
Name: close, dtype: float64",434.27,432.54,431.09
304,SPY,Sell,2022-02-08 16:00:00+00:00,"symbol  timestamp                
SPY     2022-02-08 16:00:00+00:00    432.39
Name: close, dtype: float64",432.41,433.2,433.43
305,SPY,Buy,2022-02-08 17:45:00+00:00,"symbol  timestamp                
SPY     2022-02-08 17:45:00+00:00    433.93
Name: close, dtype: float64",433.9,433.21,433.23
306,SPY,Buy,2022-02-08 19:15:00+00:00,"symbol  timestamp                
SPY     2022-02-08 19:15:00+00:00    432.34
Name: close, dtype: float64",432.05,432.05,433.85
307,SPY,Buy,2022-02-09 14:45:00+00:00,"symbol  timestamp                
SPY     2022-02-09 14:45:00+00:00    438.59
Name: close, dtype: float64",438.83,439.04,439.22
308,SPY,Buy,2022-02-09 16:00:00+00:00,"symbol  timestamp                
SPY     2022-02-09 16:00:00+00:00    439.11
Name: close, dtype: float64",439.33,439.11,439.01
309,SPY,Buy,2022-02-09 16:45:00+00:00,"symbol  timestamp                
SPY     2022-02-09 16:45:00+00:00    439.01
Name: close, dtype: float64",439.01,439.22,439.62
310,SPY,Buy,2022-02-09 18:00:00+00:00,"symbol  timestamp                
SPY     2022-02-09 18:00:00+00:00    439.25
Name: close, dtype: float64",439.69,439.81,439.87
311,SPY,Buy,2022-02-09 19:45:00+00:00,"symbol  timestamp                
SPY     2022-02-09 19:45:00+00:00    439.76
Name: close, dtype: float64",439.21,440.09,439.98
312,SPY,Buy,2022-02-10 17:45:00+00:00,"symbol  timestamp                
SPY     2022-02-10 17:45:00+00:00    436.91
Name: close, dtype: float64",436.98,434.82,434.77
313,SPY,Buy,2022-02-15 14:45:00+00:00,"symbol  timestamp                
SPY     2022-02-15 14:45:00+00:00    427.63
Name: close, dtype: float64",427.63,428.48,429.04
314,SPY,Buy,2022-02-15 16:15:00+00:00,"symbol  timestamp                
SPY     2022-02-15 16:15:00+00:00    428.43
Name: close, dtype: float64",428.93,429.11,428.39
315,SPY,Buy,2022-02-15 17:00:00+00:00,"symbol  timestamp                
SPY     2022-02-15 17:00:00+00:00    428.39
Name: close, dtype: float64",427.95,427.74,427.39
316,SPY,Buy,2022-02-15 17:15:00+00:00,"symbol  timestamp                
SPY     2022-02-15 17:15:00+00:00    427.95
Name: close, dtype: float64",427.74,427.39,428.03
317,SPY,Buy,2022-02-15 18:30:00+00:00,"symbol  timestamp                
SPY     2022-02-15 18:30:00+00:00    428.83
Name: close, dtype: float64",428.97,428.48,428.87
318,SPY,Sell,2022-02-15 19:15:00+00:00,"symbol  timestamp                
SPY     2022-02-15 19:15:00+00:00    428.87
Name: close, dtype: float64",429.07,428.84,429.25
319,SPY,Buy,2022-02-15 21:00:00+00:00,"symbol  timestamp                
SPY     2022-02-15 21:00:00+00:00    428.66
Name: close, dtype: float64",429.14,429.17,428.69
320,SPY,Buy,2022-02-15 21:00:00+00:00,"symbol  timestamp                
SPY     2022-02-15 21:00:00+00:00    428.66
Name: close, dtype: float64",429.14,429.17,428.69
321,SPY,Buy,2022-02-15 21:00:00+00:00,"symbol  timestamp                
SPY     2022-02-15 21:00:00+00:00    428.66
Name: close, dtype: float64",429.14,429.17,428.69
322,SPY,Buy,2022-02-15 21:00:00+00:00,"symbol  timestamp                
SPY     2022-02-15 21:00:00+00:00    428.66
Name: close, dtype: float64",429.14,429.17,428.69
323,SPY,Buy,2022-02-15 21:00:00+00:00,"symbol  timestamp                
SPY     2022-02-15 21:00:00+00:00    428.66
Name: close, dtype: float64",429.14,429.17,428.69
324,SPY,Buy,2022-02-15 21:00:00+00:00,"symbol  timestamp                
SPY     2022-02-15 21:00:00+00:00    428.66
Name: close, dtype: float64",429.14,429.17,428.69
325,SPY,Buy,2022-02-15 21:00:00+00:00,"symbol  timestamp                
SPY     2022-02-15 21:00:00+00:00    428.66
Name: close, dtype: float64",429.14,429.17,428.69
326,SPY,Buy,2022-02-15 21:00:00+00:00,"symbol  timestamp                
SPY     2022-02-15 21:00:00+00:00    428.66
Name: close, dtype: float64",429.14,429.17,428.69
327,SPY,Buy,2022-02-15 21:00:00+00:00,"symbol  timestamp                
SPY     2022-02-15 21:00:00+00:00    428.66
Name: close, dtype: float64",429.14,429.17,428.69
328,SPY,Buy,2022-02-15 21:00:00+00:00,"symbol  timestamp                
SPY     2022-02-15 21:00:00+00:00    428.66
Name: close, dtype: float64",429.14,429.17,428.69
329,SPY,Buy,2022-02-15 21:00:00+00:00,"symbol  timestamp                
SPY     2022-02-15 21:00:00+00:00    428.66
Name: close, dtype: float64",429.14,429.17,428.69
330,SPY,Buy,2022-02-15 21:00:00+00:00,"symbol  timestamp                
SPY     2022-02-15 21:00:00+00:00    428.66
Name: close, dtype: float64",429.14,429.17,428.69
331,SPY,Buy,2022-02-15 21:00:00+00:00,"symbol  timestamp                
SPY     2022-02-15 21:00:00+00:00    428.66
Name: close, dtype: float64",429.14,429.17,428.69
332,SPY,Buy,2022-02-15 21:00:00+00:00,"symbol  timestamp                
SPY     2022-02-15 21:00:00+00:00    428.66
Name: close, dtype: float64",429.14,429.17,428.69
333,SPY,Buy,2022-02-15 21:00:00+00:00,"symbol  timestamp                
SPY     2022-02-15 21:00:00+00:00    428.66
Name: close, dtype: float64",429.14,429.17,428.69
334,SPY,Buy,2022-02-15 21:00:00+00:00,"symbol  timestamp                
SPY     2022-02-15 21:00:00+00:00    428.66
Name: close, dtype: float64",429.14,429.17,428.69
335,SPY,Buy,2022-02-15 21:00:00+00:00,"symbol  timestamp                
SPY     2022-02-15 21:00:00+00:00    428.66
Name: close, dtype: float64",429.14,429.17,428.69
336,SPY,Buy,2022-02-15 21:00:00+00:00,"symbol  timestamp                
SPY     2022-02-15 21:00:00+00:00    428.66
Name: close, dtype: float64",429.14,429.17,428.69
337,SPY,Buy,2022-02-15 21:00:00+00:00,"symbol  timestamp                
SPY     2022-02-15 21:00:00+00:00    428.66
Name: close, dtype: float64",429.14,429.17,428.69
338,SPY,Buy,2022-02-15 21:00:00+00:00,"symbol  timestamp                
SPY     2022-02-15 21:00:00+00:00    428.66
Name: close, dtype: float64",429.14,429.17,428.69
339,SPY,Buy,2022-02-15 21:00:00+00:00,"symbol  timestamp                
SPY     2022-02-15 21:00:00+00:00    428.66
Name: close, dtype: float64",429.14,429.17,428.69
340,SPY,Buy,2022-02-15 21:00:00+00:00,"symbol  timestamp                
SPY     2022-02-15 21:00:00+00:00    428.66
Name: close, dtype: float64",429.14,429.17,428.69
341,SPY,Buy,2022-02-15 21:00:00+00:00,"symbol  timestamp                
SPY     2022-02-15 21:00:00+00:00    428.66
Name: close, dtype: float64",429.14,429.17,428.69
342,SPY,Buy,2022-02-15 21:00:00+00:00,"symbol  timestamp                
SPY     2022-02-15 21:00:00+00:00    428.66
Name: close, dtype: float64",429.14,429.17,428.69
343,SPY,Buy,2022-02-15 21:00:00+00:00,"symbol  timestamp                
SPY     2022-02-15 21:00:00+00:00    428.66
Name: close, dtype: float64",429.14,429.17,428.69
344,SPY,Buy,2022-02-15 21:00:00+00:00,"symbol  timestamp                
SPY     2022-02-15 21:00:00+00:00    428.66
Name: close, dtype: float64",429.14,429.17,428.69
345,SPY,Buy,2022-02-15 21:00:00+00:00,"symbol  timestamp                
SPY     2022-02-15 21:00:00+00:00    428.66
Name: close, dtype: float64",429.14,429.17,428.69
346,SPY,Buy,2022-02-15 21:00:00+00:00,"symbol  timestamp                
SPY     2022-02-15 21:00:00+00:00    428.66
Name: close, dtype: float64",429.14,429.17,428.69
347,SPY,Buy,2022-02-15 21:00:00+00:00,"symbol  timestamp                
SPY     2022-02-15 21:00:00+00:00    428.66
Name: close, dtype: float64",429.14,429.17,428.69
348,SPY,Buy,2022-02-15 21:00:00+00:00,"symbol  timestamp                
SPY     2022-02-15 21:00:00+00:00    428.66
Name: close, dtype: float64",429.14,429.17,428.69
349,SPY,Buy,2022-02-15 21:00:00+00:00,"symbol  timestamp                
SPY     2022-02-15 21:00:00+00:00    428.66
Name: close, dtype: float64",429.14,429.17,428.69
350,SPY,Buy,2022-02-15 21:00:00+00:00,"symbol  timestamp                
SPY     2022-02-15 21:00:00+00:00    428.66
Name: close, dtype: float64",429.14,429.17,428.69
351,SPY,Buy,2022-02-15 21:00:00+00:00,"symbol  timestamp                
SPY     2022-02-15 21:00:00+00:00    428.66
Name: close, dtype: float64",429.14,429.17,428.69
352,SPY,Buy,2022-02-15 21:00:00+00:00,"symbol  timestamp                
SPY     2022-02-15 21:00:00+00:00    428.66
Name: close, dtype: float64",429.14,429.17,428.69
353,SPY,Buy,2022-02-15 21:00:00+00:00,"symbol  timestamp                
SPY     2022-02-15 21:00:00+00:00    428.66
Name: close, dtype: float64",429.14,429.17,428.69
354,SPY,Buy,2022-02-15 21:00:00+00:00,"symbol  timestamp                
SPY     2022-02-15 21:00:00+00:00    428.66
Name: close, dtype: float64",429.14,429.17,428.69
355,SPY,Buy,2022-02-15 21:00:00+00:00,"symbol  timestamp                
SPY     2022-02-15 21:00:00+00:00    428.66
Name: close, dtype: float64",429.14,429.17,428.69
356,SPY,Buy,2022-02-15 21:00:00+00:00,"symbol  timestamp                
SPY     2022-02-15 21:00:00+00:00    428.66
Name: close, dtype: float64",429.14,429.17,428.69
357,SPY,Buy,2022-02-15 21:00:00+00:00,"symbol  timestamp                
SPY     2022-02-15 21:00:00+00:00    428.66
Name: close, dtype: float64",429.14,429.17,428.69
358,SPY,Buy,2022-02-15 21:00:00+00:00,"symbol  timestamp                
SPY     2022-02-15 21:00:00+00:00    428.66
Name: close, dtype: float64",429.14,429.17,428.69
359,SPY,Buy,2022-02-15 21:00:00+00:00,"symbol  timestamp                
SPY     2022-02-15 21:00:00+00:00    428.66
Name: close, dtype: float64",429.14,429.17,428.69
360,SPY,Buy,2022-02-15 21:00:00+00:00,"symbol  timestamp                
SPY     2022-02-15 21:00:00+00:00    428.66
Name: close, dtype: float64",429.14,429.17,428.69
361,SPY,Buy,2022-02-15 21:00:00+00:00,"symbol  timestamp                
SPY     2022-02-15 21:00:00+00:00    428.66
Name: close, dtype: float64",429.14,429.17,428.69
362,SPY,Buy,2022-02-15 21:00:00+00:00,"symbol  timestamp                
SPY     2022-02-15 21:00:00+00:00    428.66
Name: close, dtype: float64",429.14,429.17,428.69
363,SPY,Buy,2022-02-15 21:00:00+00:00,"symbol  timestamp                
SPY     2022-02-15 21:00:00+00:00    428.66
Name: close, dtype: float64",429.14,429.17,428.69
364,SPY,Buy,2022-02-15 21:00:00+00:00,"symbol  timestamp                
SPY     2022-02-15 21:00:00+00:00    428.66
Name: close, dtype: float64",429.14,429.17,428.69
365,SPY,Buy,2022-02-15 21:00:00+00:00,"symbol  timestamp                
SPY     2022-02-15 21:00:00+00:00    428.66
Name: close, dtype: float64",429.14,429.17,428.69
366,SPY,Buy,2022-02-15 21:00:00+00:00,"symbol  timestamp                
SPY     2022-02-15 21:00:00+00:00    428.66
Name: close, dtype: float64",429.14,429.17,428.69
367,SPY,Buy,2022-02-15 21:00:00+00:00,"symbol  timestamp                
SPY     2022-02-15 21:00:00+00:00    428.66
Name: close, dtype: float64",429.14,429.17,428.69
368,SPY,Buy,2022-02-15 21:00:00+00:00,"symbol  timestamp                
SPY     2022-02-15 21:00:00+00:00    428.66
Name: close, dtype: float64",429.14,429.17,428.69
369,SPY,Buy,2022-02-15 21:00:00+00:00,"symbol  timestamp                
SPY     2022-02-15 21:00:00+00:00    428.66
Name: close, dtype: float64",429.14,429.17,428.69
370,SPY,Buy,2022-02-15 21:00:00+00:00,"symbol  timestamp                
SPY     2022-02-15 21:00:00+00:00    428.66
Name: close, dtype: float64",429.14,429.17,428.69
371,SPY,Buy,2022-02-15 21:00:00+00:00,"symbol  timestamp                
SPY     2022-02-15 21:00:00+00:00    428.66
Name: close, dtype: float64",429.14,429.17,428.69
372,SPY,Buy,2022-02-15 21:00:00+00:00,"symbol  timestamp                
SPY     2022-02-15 21:00:00+00:00    428.66
Name: close, dtype: float64",429.14,429.17,428.69
373,SPY,Buy,2022-02-15 21:00:00+00:00,"symbol  timestamp                
SPY     2022-02-15 21:00:00+00:00    428.66
Name: close, dtype: float64",429.14,429.17,428.69
374,SPY,Buy,2022-02-15 21:00:00+00:00,"symbol  timestamp                
SPY     2022-02-15 21:00:00+00:00    428.66
Name: close, dtype: float64",429.14,429.17,428.69
375,SPY,Buy,2022-02-15 21:00:00+00:00,"symbol  timestamp                
SPY     2022-02-15 21:00:00+00:00    428.66
Name: close, dtype: float64",429.14,429.17,428.69
376,SPY,Buy,2022-02-15 21:00:00+00:00,"symbol  timestamp                
SPY     2022-02-15 21:00:00+00:00    428.66
Name: close, dtype: float64",429.14,429.17,428.69
377,SPY,Buy,2022-02-15 21:00:00+00:00,"symbol  timestamp                
SPY     2022-02-15 21:00:00+00:00    428.66
Name: close, dtype: float64",429.14,429.17,428.69
378,SPY,Buy,2022-02-15 21:00:00+00:00,"symbol  timestamp                
SPY     2022-02-15 21:00:00+00:00    428.66
Name: close, dtype: float64",429.14,429.17,428.69
379,SPY,Buy,2022-02-15 21:00:00+00:00,"symbol  timestamp                
SPY     2022-02-15 21:00:00+00:00    428.66
Name: close, dtype: float64",429.14,429.17,428.69
380,SPY,Buy,2022-02-15 21:00:00+00:00,"symbol  timestamp                
SPY     2022-02-15 21:00:00+00:00    428.66
Name: close, dtype: float64",429.14,429.17,428.69
381,SPY,Buy,2022-02-15 21:00:00+00:00,"symbol  timestamp                
SPY     2022-02-15 21:00:00+00:00    428.66
Name: close, dtype: float64",429.14,429.17,428.69
382,SPY,Buy,2022-02-16 20:45:00+00:00,"symbol  timestamp                
SPY     2022-02-16 20:45:00+00:00    430.16
Name: close, dtype: float64",429.78,429.96,429.77
383,SPY,Buy,2022-02-16 21:45:00+00:00,"symbol  timestamp                
SPY     2022-02-16 21:45:00+00:00    429.51
Name: close, dtype: float64",428.25,426.77,427.75
384,SPY,Buy,2022-02-16 21:45:00+00:00,"symbol  timestamp                
SPY     2022-02-16 21:45:00+00:00    429.51
Name: close, dtype: float64",428.25,426.77,427.75
385,SPY,Buy,2022-02-25 14:45:00+00:00,"symbol  timestamp                
SPY     2022-02-25 14:45:00+00:00    412.69
Name: close, dtype: float64",413.92,416.0,416.61
386,SPY,Buy,2022-02-25 17:00:00+00:00,"symbol  timestamp                
SPY     2022-02-25 17:00:00+00:00    419.5
Name: close, dtype: float64",420.46,420.97,419.69
387,SPY,Buy,2022-02-25 17:45:00+00:00,"symbol  timestamp                
SPY     2022-02-25 17:45:00+00:00    419.69
Name: close, dtype: float64",419.39,420.37,421.37
388,SPY,Buy,2022-02-25 18:00:00+00:00,"symbol  timestamp                
SPY     2022-02-25 18:00:00+00:00    419.39
Name: close, dtype: float64",420.37,421.37,420.5
389,SPY,Buy,2022-02-25 18:45:00+00:00,"symbol  timestamp                
SPY     2022-02-25 18:45:00+00:00    420.5
Name: close, dtype: float64",419.94,420.88,420.29
390,SPY,Buy,2022-02-25 19:00:00+00:00,"symbol  timestamp                
SPY     2022-02-25 19:00:00+00:00    419.94
Name: close, dtype: float64",420.88,420.29,419.94
391,SPY,Buy,2022-02-25 19:30:00+00:00,"symbol  timestamp                
SPY     2022-02-25 19:30:00+00:00    420.29
Name: close, dtype: float64",419.94,419.72,420.47
392,SPY,Buy,2022-02-25 19:45:00+00:00,"symbol  timestamp                
SPY     2022-02-25 19:45:00+00:00    419.94
Name: close, dtype: float64",419.72,420.47,420.82
393,SPY,Buy,2022-02-25 20:00:00+00:00,"symbol  timestamp                
SPY     2022-02-25 20:00:00+00:00    419.72
Name: close, dtype: float64",420.47,420.82,421.47
394,SPY,Buy,2022-02-28 17:15:00+00:00,"symbol  timestamp                
SPY     2022-02-28 17:15:00+00:00    418.63
Name: close, dtype: float64",417.21,417.59,419.05
395,SPY,Buy,2022-02-28 17:30:00+00:00,"symbol  timestamp                
SPY     2022-02-28 17:30:00+00:00    417.21
Name: close, dtype: float64",417.59,419.05,417.71
396,SPY,Buy,2022-03-01 15:00:00+00:00,"symbol  timestamp                
SPY     2022-03-01 15:00:00+00:00    417.76
Name: close, dtype: float64",418.57,416.54,416.54
397,SPY,Buy,2022-03-02 16:15:00+00:00,"symbol  timestamp                
SPY     2022-03-02 16:15:00+00:00    420.55
Name: close, dtype: float64",420.22,420.94,421.45
398,SPY,Buy,2022-03-02 18:15:00+00:00,"symbol  timestamp                
SPY     2022-03-02 18:15:00+00:00    422.27
Name: close, dtype: float64",422.73,422.53,422.8
399,SPY,Buy,2022-03-02 19:15:00+00:00,"symbol  timestamp                
SPY     2022-03-02 19:15:00+00:00    422.22
Name: close, dtype: float64",422.89,421.77,421.81
400,SPY,Buy,2022-03-02 19:45:00+00:00,"symbol  timestamp                
SPY     2022-03-02 19:45:00+00:00    421.77
Name: close, dtype: float64",421.81,422.46,422.48
401,SPY,Buy,2022-03-02 20:45:00+00:00,"symbol  timestamp                
SPY     2022-03-02 20:45:00+00:00    421.6
Name: close, dtype: float64",421.49,421.46,420.75
402,SPY,Buy,2022-03-02 20:45:00+00:00,"symbol  timestamp                
SPY     2022-03-02 20:45:00+00:00    421.6
Name: close, dtype: float64",421.49,421.46,420.75
403,SPY,Buy,2022-03-02 20:45:00+00:00,"symbol  timestamp                
SPY     2022-03-02 20:45:00+00:00    421.6
Name: close, dtype: float64",421.49,421.46,420.75
404,SPY,Buy,2022-03-02 20:45:00+00:00,"symbol  timestamp                
SPY     2022-03-02 20:45:00+00:00    421.6
Name: close, dtype: float64",421.49,421.46,420.75
405,SPY,Buy,2022-03-02 20:45:00+00:00,"symbol  timestamp                
SPY     2022-03-02 20:45:00+00:00    421.6
Name: close, dtype: float64",421.49,421.46,420.75
406,SPY,Buy,2022-03-02 20:45:00+00:00,"symbol  timestamp                
SPY     2022-03-02 20:45:00+00:00    421.6
Name: close, dtype: float64",421.49,421.46,420.75
407,SPY,Buy,2022-03-02 20:45:00+00:00,"symbol  timestamp                
SPY     2022-03-02 20:45:00+00:00    421.6
Name: close, dtype: float64",421.49,421.46,420.75
408,SPY,Buy,2022-03-02 20:45:00+00:00,"symbol  timestamp                
SPY     2022-03-02 20:45:00+00:00    421.6
Name: close, dtype: float64",421.49,421.46,420.75
409,SPY,Buy,2022-03-02 20:45:00+00:00,"symbol  timestamp                
SPY     2022-03-02 20:45:00+00:00    421.6
Name: close, dtype: float64",421.49,421.46,420.75
410,SPY,Buy,2022-03-02 20:45:00+00:00,"symbol  timestamp                
SPY     2022-03-02 20:45:00+00:00    421.6
Name: close, dtype: float64",421.49,421.46,420.75
411,SPY,Buy,2022-03-02 20:45:00+00:00,"symbol  timestamp                
SPY     2022-03-02 20:45:00+00:00    421.6
Name: close, dtype: float64",421.49,421.46,420.75
412,SPY,Buy,2022-03-02 20:45:00+00:00,"symbol  timestamp                
SPY     2022-03-02 20:45:00+00:00    421.6
Name: close, dtype: float64",421.49,421.46,420.75
413,SPY,Buy,2022-03-02 20:45:00+00:00,"symbol  timestamp                
SPY     2022-03-02 20:45:00+00:00    421.6
Name: close, dtype: float64",421.49,421.46,420.75
414,SPY,Buy,2022-03-02 20:45:00+00:00,"symbol  timestamp                
SPY     2022-03-02 20:45:00+00:00    421.6
Name: close, dtype: float64",421.49,421.46,420.75
415,SPY,Buy,2022-03-02 20:45:00+00:00,"symbol  timestamp                
SPY     2022-03-02 20:45:00+00:00    421.6
Name: close, dtype: float64",421.49,421.46,420.75
416,SPY,Buy,2022-03-02 20:45:00+00:00,"symbol  timestamp                
SPY     2022-03-02 20:45:00+00:00    421.6
Name: close, dtype: float64",421.49,421.46,420.75
417,SPY,Buy,2022-03-02 20:45:00+00:00,"symbol  timestamp                
SPY     2022-03-02 20:45:00+00:00    421.6
Name: close, dtype: float64",421.49,421.46,420.75
418,SPY,Buy,2022-03-02 20:45:00+00:00,"symbol  timestamp                
SPY     2022-03-02 20:45:00+00:00    421.6
Name: close, dtype: float64",421.49,421.46,420.75
419,SPY,Buy,2022-03-02 20:45:00+00:00,"symbol  timestamp                
SPY     2022-03-02 20:45:00+00:00    421.6
Name: close, dtype: float64",421.49,421.46,420.75
420,SPY,Buy,2022-03-02 20:45:00+00:00,"symbol  timestamp                
SPY     2022-03-02 20:45:00+00:00    421.6
Name: close, dtype: float64",421.49,421.46,420.75
421,SPY,Buy,2022-03-02 20:45:00+00:00,"symbol  timestamp                
SPY     2022-03-02 20:45:00+00:00    421.6
Name: close, dtype: float64",421.49,421.46,420.75
422,SPY,Buy,2022-03-02 20:45:00+00:00,"symbol  timestamp                
SPY     2022-03-02 20:45:00+00:00    421.6
Name: close, dtype: float64",421.49,421.46,420.75
423,SPY,Buy,2022-03-02 20:45:00+00:00,"symbol  timestamp                
SPY     2022-03-02 20:45:00+00:00    421.6
Name: close, dtype: float64",421.49,421.46,420.75
424,SPY,Buy,2022-03-02 20:45:00+00:00,"symbol  timestamp                
SPY     2022-03-02 20:45:00+00:00    421.6
Name: close, dtype: float64",421.49,421.46,420.75
425,SPY,Buy,2022-03-02 20:45:00+00:00,"symbol  timestamp                
SPY     2022-03-02 20:45:00+00:00    421.6
Name: close, dtype: float64",421.49,421.46,420.75
426,SPY,Buy,2022-03-02 20:45:00+00:00,"symbol  timestamp                
SPY     2022-03-02 20:45:00+00:00    421.6
Name: close, dtype: float64",421.49,421.46,420.75
427,SPY,Buy,2022-03-02 20:45:00+00:00,"symbol  timestamp                
SPY     2022-03-02 20:45:00+00:00    421.6
Name: close, dtype: float64",421.49,421.46,420.75
428,SPY,Buy,2022-03-02 20:45:00+00:00,"symbol  timestamp                
SPY     2022-03-02 20:45:00+00:00    421.6
Name: close, dtype: float64",421.49,421.46,420.75
429,SPY,Buy,2022-03-02 20:45:00+00:00,"symbol  timestamp                
SPY     2022-03-02 20:45:00+00:00    421.6
Name: close, dtype: float64",421.49,421.46,420.75
430,SPY,Buy,2022-03-02 20:45:00+00:00,"symbol  timestamp                
SPY     2022-03-02 20:45:00+00:00    421.6
Name: close, dtype: float64",421.49,421.46,420.75
431,SPY,Buy,2022-03-02 20:45:00+00:00,"symbol  timestamp                
SPY     2022-03-02 20:45:00+00:00    421.6
Name: close, dtype: float64",421.49,421.46,420.75
432,SPY,Buy,2022-03-02 20:45:00+00:00,"symbol  timestamp                
SPY     2022-03-02 20:45:00+00:00    421.6
Name: close, dtype: float64",421.49,421.46,420.75
433,SPY,Buy,2022-03-02 20:45:00+00:00,"symbol  timestamp                
SPY     2022-03-02 20:45:00+00:00    421.6
Name: close, dtype: float64",421.49,421.46,420.75
434,SPY,Buy,2022-03-02 20:45:00+00:00,"symbol  timestamp                
SPY     2022-03-02 20:45:00+00:00    421.6
Name: close, dtype: float64",421.49,421.46,420.75
435,SPY,Buy,2022-03-02 20:45:00+00:00,"symbol  timestamp                
SPY     2022-03-02 20:45:00+00:00    421.6
Name: close, dtype: float64",421.49,421.46,420.75
436,SPY,Buy,2022-03-02 20:45:00+00:00,"symbol  timestamp                
SPY     2022-03-02 20:45:00+00:00    421.6
Name: close, dtype: float64",421.49,421.46,420.75
437,SPY,Buy,2022-03-02 20:45:00+00:00,"symbol  timestamp                
SPY     2022-03-02 20:45:00+00:00    421.6
Name: close, dtype: float64",421.49,421.46,420.75
438,SPY,Buy,2022-03-02 20:45:00+00:00,"symbol  timestamp                
SPY     2022-03-02 20:45:00+00:00    421.6
Name: close, dtype: float64",421.49,421.46,420.75
439,SPY,Buy,2022-03-02 20:45:00+00:00,"symbol  timestamp                
SPY     2022-03-02 20:45:00+00:00    421.6
Name: close, dtype: float64",421.49,421.46,420.75
440,SPY,Buy,2022-03-02 20:45:00+00:00,"symbol  timestamp                
SPY     2022-03-02 20:45:00+00:00    421.6
Name: close, dtype: float64",421.49,421.46,420.75
441,SPY,Buy,2022-03-02 20:45:00+00:00,"symbol  timestamp                
SPY     2022-03-02 20:45:00+00:00    421.6
Name: close, dtype: float64",421.49,421.46,420.75
442,SPY,Buy,2022-03-02 20:45:00+00:00,"symbol  timestamp                
SPY     2022-03-02 20:45:00+00:00    421.6
Name: close, dtype: float64",421.49,421.46,420.75
443,SPY,Buy,2022-03-02 20:45:00+00:00,"symbol  timestamp                
SPY     2022-03-02 20:45:00+00:00    421.6
Name: close, dtype: float64",421.49,421.46,420.75
444,SPY,Buy,2022-03-02 20:45:00+00:00,"symbol  timestamp                
SPY     2022-03-02 20:45:00+00:00    421.6
Name: close, dtype: float64",421.49,421.46,420.75
445,SPY,Buy,2022-03-02 20:45:00+00:00,"symbol  timestamp                
SPY     2022-03-02 20:45:00+00:00    421.6
Name: close, dtype: float64",421.49,421.46,420.75
446,SPY,Buy,2022-03-02 20:45:00+00:00,"symbol  timestamp                
SPY     2022-03-02 20:45:00+00:00    421.6
Name: close, dtype: float64",421.49,421.46,420.75
447,SPY,Buy,2022-03-02 20:45:00+00:00,"symbol  timestamp                
SPY     2022-03-02 20:45:00+00:00    421.6
Name: close, dtype: float64",421.49,421.46,420.75
448,SPY,Buy,2022-03-02 20:45:00+00:00,"symbol  timestamp                
SPY     2022-03-02 20:45:00+00:00    421.6
Name: close, dtype: float64",421.49,421.46,420.75
449,SPY,Buy,2022-03-02 20:45:00+00:00,"symbol  timestamp                
SPY     2022-03-02 20:45:00+00:00    421.6
Name: close, dtype: float64",421.49,421.46,420.75
450,SPY,Buy,2022-03-02 20:45:00+00:00,"symbol  timestamp                
SPY     2022-03-02 20:45:00+00:00    421.6
Name: close, dtype: float64",421.49,421.46,420.75
451,SPY,Buy,2022-03-02 20:45:00+00:00,"symbol  timestamp                
SPY     2022-03-02 20:45:00+00:00    421.6
Name: close, dtype: float64",421.49,421.46,420.75
452,SPY,Buy,2022-03-02 20:45:00+00:00,"symbol  timestamp                
SPY     2022-03-02 20:45:00+00:00    421.6
Name: close, dtype: float64",421.49,421.46,420.75
453,SPY,Buy,2022-03-02 20:45:00+00:00,"symbol  timestamp                
SPY     2022-03-02 20:45:00+00:00    421.6
Name: close, dtype: float64",421.49,421.46,420.75
454,SPY,Buy,2022-03-02 20:45:00+00:00,"symbol  timestamp                
SPY     2022-03-02 20:45:00+00:00    421.6
Name: close, dtype: float64",421.49,421.46,420.75
455,SPY,Buy,2022-03-02 20:45:00+00:00,"symbol  timestamp                
SPY     2022-03-02 20:45:00+00:00    421.6
Name: close, dtype: float64",421.49,421.46,420.75
456,SPY,Buy,2022-03-02 20:45:00+00:00,"symbol  timestamp                
SPY     2022-03-02 20:45:00+00:00    421.6
Name: close, dtype: float64",421.49,421.46,420.75
457,SPY,Buy,2022-03-02 20:45:00+00:00,"symbol  timestamp                
SPY     2022-03-02 20:45:00+00:00    421.6
Name: close, dtype: float64",421.49,421.46,420.75
458,SPY,Buy,2022-03-02 20:45:00+00:00,"symbol  timestamp                
SPY     2022-03-02 20:45:00+00:00    421.6
Name: close, dtype: float64",421.49,421.46,420.75
459,SPY,Buy,2022-03-02 20:45:00+00:00,"symbol  timestamp                
SPY     2022-03-02 20:45:00+00:00    421.6
Name: close, dtype: float64",421.49,421.46,420.75
460,SPY,Buy,2022-03-02 20:45:00+00:00,"symbol  timestamp                
SPY     2022-03-02 20:45:00+00:00    421.6
Name: close, dtype: float64",421.49,421.46,420.75
461,SPY,Buy,2022-03-02 20:45:00+00:00,"symbol  timestamp                
SPY     2022-03-02 20:45:00+00:00    421.6
Name: close, dtype: float64",421.49,421.46,420.75
462,SPY,Buy,2022-03-02 20:45:00+00:00,"symbol  timestamp                
SPY     2022-03-02 20:45:00+00:00    421.6
Name: close, dtype: float64",421.49,421.46,420.75
463,SPY,Buy,2022-03-02 20:45:00+00:00,"symbol  timestamp                
SPY     2022-03-02 20:45:00+00:00    421.6
Name: close, dtype: float64",421.49,421.46,420.75
464,SPY,Sell,2022-03-03 18:00:00+00:00,"symbol  timestamp                
SPY     2022-03-03 18:00:00+00:00    422.12
Name: close, dtype: float64",422.71,421.61,421.75
465,SPY,Sell,2022-03-03 18:15:00+00:00,"symbol  timestamp                
SPY     2022-03-03 18:15:00+00:00    422.71
Name: close, dtype: float64",421.61,421.75,422.84
466,SPY,Buy,2022-03-03 19:15:00+00:00,"symbol  timestamp                
SPY     2022-03-03 19:15:00+00:00    422.28
Name: close, dtype: float64",421.11,420.15,419.2
467,SPY,Buy,2022-03-03 19:45:00+00:00,"symbol  timestamp                
SPY     2022-03-03 19:45:00+00:00    420.15
Name: close, dtype: float64",419.2,420.32,418.36
468,SPY,Buy,2022-03-08 20:15:00+00:00,"symbol  timestamp                
SPY     2022-03-08 20:15:00+00:00    403.55
Name: close, dtype: float64",402.13,400.91,400.45
469,SPY,Buy,2022-03-09 14:45:00+00:00,"symbol  timestamp                
SPY     2022-03-09 14:45:00+00:00    408.44
Name: close, dtype: float64",410.02,410.03,409.91
470,SPY,Buy,2022-03-09 16:00:00+00:00,"symbol  timestamp                
SPY     2022-03-09 16:00:00+00:00    409.51
Name: close, dtype: float64",409.67,411.08,411.56
471,SPY,Buy,2022-03-09 18:00:00+00:00,"symbol  timestamp                
SPY     2022-03-09 18:00:00+00:00    412.22
Name: close, dtype: float64",412.48,411.19,410.93
472,SPY,Buy,2022-03-09 18:30:00+00:00,"symbol  timestamp                
SPY     2022-03-09 18:30:00+00:00    411.19
Name: close, dtype: float64",410.93,411.33,411.39
473,SPY,Buy,2022-03-09 18:45:00+00:00,"symbol  timestamp                
SPY     2022-03-09 18:45:00+00:00    410.93
Name: close, dtype: float64",411.33,411.39,411.93
474,SPY,Buy,2022-03-09 19:45:00+00:00,"symbol  timestamp                
SPY     2022-03-09 19:45:00+00:00    411.84
Name: close, dtype: float64",412.84,412.95,412.81
475,SPY,Sell,2022-03-09 21:15:00+00:00,"symbol  timestamp                
SPY     2022-03-09 21:15:00+00:00    411.54
Name: close, dtype: float64",412.46,411.92,406.94
476,SPY,Sell,2022-03-09 21:15:00+00:00,"symbol  timestamp                
SPY     2022-03-09 21:15:00+00:00    411.54
Name: close, dtype: float64",412.46,411.92,406.94
477,SPY,Sell,2022-03-09 21:15:00+00:00,"symbol  timestamp                
SPY     2022-03-09 21:15:00+00:00    411.54
Name: close, dtype: float64",412.46,411.92,406.94
478,SPY,Sell,2022-03-09 21:15:00+00:00,"symbol  timestamp                
SPY     2022-03-09 21:15:00+00:00    411.54
Name: close, dtype: float64",412.46,411.92,406.94
479,SPY,Buy,2022-03-11 14:45:00+00:00,"symbol  timestamp                
SPY     2022-03-11 14:45:00+00:00    411.33
Name: close, dtype: float64",409.92,410.05,410.19
480,SPY,Buy,2022-03-11 15:00:00+00:00,"symbol  timestamp                
SPY     2022-03-11 15:00:00+00:00    409.92
Name: close, dtype: float64",410.05,410.19,411.28
481,SPY,Buy,2022-03-11 16:15:00+00:00,"symbol  timestamp                
SPY     2022-03-11 16:15:00+00:00    409.51
Name: close, dtype: float64",408.89,408.63,408.24
482,SPY,Buy,2022-03-15 17:00:00+00:00,"symbol  timestamp                
SPY     2022-03-15 17:00:00+00:00    406.83
Name: close, dtype: float64",406.52,406.99,407.58
483,SPY,Buy,2022-03-15 17:15:00+00:00,"symbol  timestamp                
SPY     2022-03-15 17:15:00+00:00    406.52
Name: close, dtype: float64",406.99,407.58,406.88
484,SPY,Buy,2022-03-15 18:00:00+00:00,"symbol  timestamp                
SPY     2022-03-15 18:00:00+00:00    406.88
Name: close, dtype: float64",406.48,407.37,408.95
485,SPY,Buy,2022-03-16 15:00:00+00:00,"symbol  timestamp                
SPY     2022-03-16 15:00:00+00:00    416.87
Name: close, dtype: float64",416.94,416.66,417.1
486,SPY,Buy,2022-03-16 16:45:00+00:00,"symbol  timestamp                
SPY     2022-03-16 16:45:00+00:00    415.68
Name: close, dtype: float64",414.5,414.73,414.94
487,SPY,Sell,2022-03-16 17:15:00+00:00,"symbol  timestamp                
SPY     2022-03-16 17:15:00+00:00    414.73
Name: close, dtype: float64",414.94,415.37,410.9
488,SPY,Sell,2022-03-16 17:30:00+00:00,"symbol  timestamp                
SPY     2022-03-16 17:30:00+00:00    414.94
Name: close, dtype: float64",415.37,410.9,410.61
489,SPY,Sell,2022-03-16 17:45:00+00:00,"symbol  timestamp                
SPY     2022-03-16 17:45:00+00:00    415.37
Name: close, dtype: float64",410.9,410.61,413.41
490,SPY,Sell,2022-03-16 18:30:00+00:00,"symbol  timestamp                
SPY     2022-03-16 18:30:00+00:00    413.41
Name: close, dtype: float64",414.07,415.09,416.95
491,SPY,Sell,2022-03-16 18:45:00+00:00,"symbol  timestamp                
SPY     2022-03-16 18:45:00+00:00    414.07
Name: close, dtype: float64",415.09,416.95,416.52
492,SPY,Sell,2022-03-16 19:00:00+00:00,"symbol  timestamp                
SPY     2022-03-16 19:00:00+00:00    415.09
Name: close, dtype: float64",416.95,416.52,419.56
493,SPY,Sell,2022-03-16 19:15:00+00:00,"symbol  timestamp                
SPY     2022-03-16 19:15:00+00:00    416.95
Name: close, dtype: float64",416.52,419.56,419.42
494,SPY,Sell,2022-03-16 19:15:00+00:00,"symbol  timestamp                
SPY     2022-03-16 19:15:00+00:00    416.95
Name: close, dtype: float64",416.52,419.56,419.42
495,SPY,Buy,2022-03-17 13:30:00+00:00,"symbol  timestamp                
SPY     2022-03-17 13:30:00+00:00    418.41
Name: close, dtype: float64",420.05,420.05,420.24
496,SPY,Buy,2022-03-17 14:45:00+00:00,"symbol  timestamp                
SPY     2022-03-17 14:45:00+00:00    418.7
Name: close, dtype: float64",418.63,419.27,420.01
497,SPY,Buy,2022-03-17 15:00:00+00:00,"symbol  timestamp                
SPY     2022-03-17 15:00:00+00:00    418.63
Name: close, dtype: float64",419.27,420.01,419.99
498,SPY,Buy,2022-03-17 15:45:00+00:00,"symbol  timestamp                
SPY     2022-03-17 15:45:00+00:00    419.99
Name: close, dtype: float64",420.25,421.36,421.31
499,SPY,Buy,2022-03-17 17:00:00+00:00,"symbol  timestamp                
SPY     2022-03-17 17:00:00+00:00    421.0
Name: close, dtype: float64",422.47,423.05,423.2
500,SPY,Buy,2022-03-17 18:00:00+00:00,"symbol  timestamp                
SPY     2022-03-17 18:00:00+00:00    422.75
Name: close, dtype: float64",422.08,422.86,423.15
501,SPY,Buy,2022-03-17 18:15:00+00:00,"symbol  timestamp                
SPY     2022-03-17 18:15:00+00:00    422.08
Name: close, dtype: float64",422.86,423.15,422.32
502,SPY,Buy,2022-03-17 19:00:00+00:00,"symbol  timestamp                
SPY     2022-03-17 19:00:00+00:00    422.32
Name: close, dtype: float64",422.87,423.97,424.74
503,SPY,Buy,2022-03-17 20:30:00+00:00,"symbol  timestamp                
SPY     2022-03-17 20:30:00+00:00    422.53
Name: close, dtype: float64",422.74,423.19,424.08
504,SPY,Buy,2022-03-18 14:15:00+00:00,"symbol  timestamp                
SPY     2022-03-18 14:15:00+00:00    424.74
Name: close, dtype: float64",424.22,424.56,425.1
505,SPY,Buy,2022-03-18 14:30:00+00:00,"symbol  timestamp                
SPY     2022-03-18 14:30:00+00:00    424.22
Name: close, dtype: float64",424.56,425.1,424.8
506,SPY,Buy,2022-03-18 15:15:00+00:00,"symbol  timestamp                
SPY     2022-03-18 15:15:00+00:00    424.8
Name: close, dtype: float64",425.02,424.98,425.35
507,SPY,Buy,2022-03-18 15:45:00+00:00,"symbol  timestamp                
SPY     2022-03-18 15:45:00+00:00    424.98
Name: close, dtype: float64",425.35,425.99,426.62
508,SPY,Buy,2022-03-18 16:45:00+00:00,"symbol  timestamp                
SPY     2022-03-18 16:45:00+00:00    426.42
Name: close, dtype: float64",426.77,427.23,426.96
509,SPY,Buy,2022-03-18 17:30:00+00:00,"symbol  timestamp                
SPY     2022-03-18 17:30:00+00:00    426.96
Name: close, dtype: float64",427.0,426.99,427.11
510,SPY,Buy,2022-03-18 18:30:00+00:00,"symbol  timestamp                
SPY     2022-03-18 18:30:00+00:00    427.04
Name: close, dtype: float64",427.5,428.28,428.92
511,SPY,Buy,2022-03-21 13:45:00+00:00,"symbol  timestamp                
SPY     2022-03-21 13:45:00+00:00    428.85
Name: close, dtype: float64",428.33,427.95,428.54
512,SPY,Buy,2022-03-21 14:00:00+00:00,"symbol  timestamp                
SPY     2022-03-21 14:00:00+00:00    428.33
Name: close, dtype: float64",427.95,428.54,429.75
513,SPY,Buy,2022-03-21 14:15:00+00:00,"symbol  timestamp                
SPY     2022-03-21 14:15:00+00:00    427.95
Name: close, dtype: float64",428.54,429.75,429.57
514,SPY,Buy,2022-03-21 15:00:00+00:00,"symbol  timestamp                
SPY     2022-03-21 15:00:00+00:00    429.57
Name: close, dtype: float64",430.33,429.62,430.29
515,SPY,Buy,2022-03-21 15:30:00+00:00,"symbol  timestamp                
SPY     2022-03-21 15:30:00+00:00    429.62
Name: close, dtype: float64",430.29,430.3,430.33
516,SPY,Buy,2022-03-22 13:45:00+00:00,"symbol  timestamp                
SPY     2022-03-22 13:45:00+00:00    431.97
Name: close, dtype: float64",432.76,433.31,433.66
517,SPY,Buy,2022-03-22 15:30:00+00:00,"symbol  timestamp                
SPY     2022-03-22 15:30:00+00:00    433.37
Name: close, dtype: float64",433.46,433.48,432.88
518,SPY,Buy,2022-03-22 16:15:00+00:00,"symbol  timestamp                
SPY     2022-03-22 16:15:00+00:00    432.88
Name: close, dtype: float64",432.95,433.74,434.09
519,SPY,Buy,2022-03-22 17:15:00+00:00,"symbol  timestamp                
SPY     2022-03-22 17:15:00+00:00    433.7
Name: close, dtype: float64",433.94,434.17,433.76
520,SPY,Sell,2022-03-22 18:30:00+00:00,"symbol  timestamp                
SPY     2022-03-22 18:30:00+00:00    433.34
Name: close, dtype: float64",433.72,434.16,433.77
521,SPY,Sell,2022-03-22 18:45:00+00:00,"symbol  timestamp                
SPY     2022-03-22 18:45:00+00:00    433.72
Name: close, dtype: float64",434.16,433.77,434.52
522,SPY,Buy,2022-03-22 19:15:00+00:00,"symbol  timestamp                
SPY     2022-03-22 19:15:00+00:00    433.77
Name: close, dtype: float64",434.52,434.31,434.29
523,SPY,Buy,2022-03-22 20:00:00+00:00,"symbol  timestamp                
SPY     2022-03-22 20:00:00+00:00    434.29
Name: close, dtype: float64",434.28,431.71,431.32
524,SPY,Buy,2022-03-24 16:00:00+00:00,"symbol  timestamp                
SPY     2022-03-24 16:00:00+00:00    432.55
Name: close, dtype: float64",432.02,432.33,432.48
525,SPY,Buy,2022-03-24 16:15:00+00:00,"symbol  timestamp                
SPY     2022-03-24 16:15:00+00:00    432.02
Name: close, dtype: float64",432.33,432.48,432.55
526,SPY,Buy,2022-03-24 18:15:00+00:00,"symbol  timestamp                
SPY     2022-03-24 18:15:00+00:00    432.88
Name: close, dtype: float64",432.71,433.0,433.51
527,SPY,Buy,2022-03-24 18:30:00+00:00,"symbol  timestamp                
SPY     2022-03-24 18:30:00+00:00    432.71
Name: close, dtype: float64",433.0,433.51,434.31
528,SPY,Buy,2022-03-24 19:30:00+00:00,"symbol  timestamp                
SPY     2022-03-24 19:30:00+00:00    433.95
Name: close, dtype: float64",435.1,435.03,435.34
529,SPY,Buy,2022-03-24 20:30:00+00:00,"symbol  timestamp                
SPY     2022-03-24 20:30:00+00:00    435.32
Name: close, dtype: float64",435.34,435.5,435.47
530,SPY,Buy,2022-03-25 15:00:00+00:00,"symbol  timestamp                
SPY     2022-03-25 15:00:00+00:00    434.69
Name: close, dtype: float64",433.8,434.65,434.02
531,SPY,Sell,2022-03-25 17:30:00+00:00,"symbol  timestamp                
SPY     2022-03-25 17:30:00+00:00    435.16
Name: close, dtype: float64",435.9,436.18,436.39
532,SPY,Sell,2022-03-25 17:45:00+00:00,"symbol  timestamp                
SPY     2022-03-25 17:45:00+00:00    435.9
Name: close, dtype: float64",436.18,436.39,436.5
533,SPY,Sell,2022-03-25 18:00:00+00:00,"symbol  timestamp                
SPY     2022-03-25 18:00:00+00:00    436.18
Name: close, dtype: float64",436.39,436.5,436.63
534,SPY,Sell,2022-03-25 18:15:00+00:00,"symbol  timestamp                
SPY     2022-03-25 18:15:00+00:00    436.39
Name: close, dtype: float64",436.5,436.63,435.87
535,SPY,Buy,2022-03-25 19:00:00+00:00,"symbol  timestamp                
SPY     2022-03-25 19:00:00+00:00    435.87
Name: close, dtype: float64",434.8,435.36,437.25
536,SPY,Buy,2022-03-25 19:15:00+00:00,"symbol  timestamp                
SPY     2022-03-25 19:15:00+00:00    434.8
Name: close, dtype: float64",435.36,437.25,437.13
537,SPY,Buy,2022-03-28 13:15:00+00:00,"symbol  timestamp                
SPY     2022-03-28 13:15:00+00:00    436.73
Name: close, dtype: float64",437.1,438.08,437.33
538,SPY,Buy,2022-03-28 14:00:00+00:00,"symbol  timestamp                
SPY     2022-03-28 14:00:00+00:00    437.33
Name: close, dtype: float64",437.41,437.29,437.75
539,SPY,Buy,2022-03-28 14:30:00+00:00,"symbol  timestamp                
SPY     2022-03-28 14:30:00+00:00    437.29
Name: close, dtype: float64",437.75,437.37,436.81
540,SPY,Buy,2022-03-28 15:00:00+00:00,"symbol  timestamp                
SPY     2022-03-28 15:00:00+00:00    437.37
Name: close, dtype: float64",436.81,436.16,435.16
541,SPY,Sell,2022-03-28 16:00:00+00:00,"symbol  timestamp                
SPY     2022-03-28 16:00:00+00:00    435.23
Name: close, dtype: float64",435.25,435.98,436.27
542,SPY,Sell,2022-03-28 17:15:00+00:00,"symbol  timestamp                
SPY     2022-03-28 17:15:00+00:00    436.9
Name: close, dtype: float64",436.9,437.07,437.16
543,SPY,Sell,2022-03-28 17:45:00+00:00,"symbol  timestamp                
SPY     2022-03-28 17:45:00+00:00    437.07
Name: close, dtype: float64",437.16,437.5,437.87
544,SPY,Sell,2022-03-28 18:15:00+00:00,"symbol  timestamp                
SPY     2022-03-28 18:15:00+00:00    437.5
Name: close, dtype: float64",437.87,438.95,438.8
545,SPY,Buy,2022-03-29 14:00:00+00:00,"symbol  timestamp                
SPY     2022-03-29 14:00:00+00:00    442.03
Name: close, dtype: float64",443.03,442.8,443.58
546,SPY,Buy,2022-03-29 14:30:00+00:00,"symbol  timestamp                
SPY     2022-03-29 14:30:00+00:00    442.8
Name: close, dtype: float64",443.58,443.16,443.68
547,SPY,Buy,2022-03-29 15:00:00+00:00,"symbol  timestamp                
SPY     2022-03-29 15:00:00+00:00    443.16
Name: close, dtype: float64",443.68,443.85,443.69
